target,mae,rmse,r2,median_abs_error,mape_pct
FSPL,0.215960,0.518291,0.990951,0.152400,0.25
SINR,1.873689,2.644424,0.813255,1.506486,
Capacity,109369.757026,1305695.197275,0.415743,8024.512361,69.26

connection,distance_m,actual_fspl_db,predicted_fspl_db,fspl_error_db,actual_sinr_db,predicted_sinr_db,sinr_error_db,actual_capacity_bps,predicted_capacity_bps,capacity_error_bps
T40 -> R99,477.638800,93.628000,93.494879,-0.133121,-27.168100,-29.324652,-2.156552,55331.600000,34673.895170,-20657.704830
T26 -> R119,948.844500,99.589900,99.696136,0.106236,-35.611400,-34.515420,1.095980,7925.159000,10285.416686,2360.257686
T137 -> R3,400.590200,92.100000,92.177721,0.077721,-32.653200,-28.114979,4.538221,15659.250000,44437.890378,28778.640378
T58 -> R196,173.500200,84.832000,84.859050,0.027050,-19.567800,-20.057811,-0.490011,316983.200000,299436.020859,-17547.179141
T21 -> R7,270.590400,88.692200,88.662054,-0.030146,-26.844700,-24.869326,1.975374,59605.020000,97989.818178,38384.798178
T4 -> R16,213.256000,86.624000,86.484451,-0.139549,-21.230600,-23.398903,-2.168303,216526.000000,138251.730310,-78274.269690
T156 -> R161,193.323800,85.771700,86.108145,0.336445,-25.194800,-22.489748,2.705052,87110.160000,169278.562202,82168.402202
T85 -> R105,408.718400,92.274500,92.268366,-0.006134,-26.558000,-27.750749,-1.192749,63669.190000,49263.790429,-14405.399571
T102 -> R155,500.297500,94.030600,94.214960,0.184360,-30.173200,-30.810660,-0.637460,27712.370000,23885.675904,-3826.694096
T8 -> R95,421.285900,92.537500,92.439990,-0.097510,-30.031900,-28.214514,1.817386,28628.310000,44579.425882,15951.115882
T94 -> R134,675.848200,96.643000,96.769946,0.126946,-29.346700,-32.735413,-3.388713,33518.100000,15710.705192,-17807.394808
T172 -> R23,642.629700,96.205200,96.229207,0.024007,-32.200500,-32.427508,-0.227008,17378.900000,16388.649511,-990.250489
T152 -> R155,382.460400,91.697700,91.662691,-0.035009,-27.837400,-28.228114,-0.390714,47435.760000,43097.153086,-4338.606914
T26 -> R6,213.076900,86.616700,86.423763,-0.192937,-21.913000,-23.077948,-1.164948,185145.600000,148397.835417,-36747.764583
T71 -> R134,989.634000,99.955500,100.079764,0.124264,-32.661900,-35.294533,-2.632633,15627.660000,8651.607473,-6976.052527
T21 -> R52,412.067100,92.345400,92.627293,0.281893,-30.648500,-29.903719,0.744781,24841.010000,29960.091369,5119.081369
T17 -> R24,218.667100,86.841700,86.560017,-0.281683,-21.228800,-23.674637,-2.445837,216617.500000,127041.404308,-89576.095692
T114 -> R101,138.547100,82.877900,83.021037,0.143137,-17.559500,-18.978629,-1.419129,501728.200000,378124.987379,-123603.212621
T49 -> R136,376.343800,91.557700,91.617728,0.060028,-30.659400,-27.688235,2.971165,24778.500000,49556.629346,24778.129346
T36 -> R20,729.214000,97.303100,97.255222,-0.047878,-30.487300,-33.848872,-3.361572,25779.710000,11712.787295,-14066.922705
T81 -> R62,493.997600,93.920500,93.880949,-0.039551,-28.619900,-30.998727,-2.378827,39619.940000,22787.881676,-16832.058324
T106 -> R64,236.962600,87.539600,87.919202,0.379602,-23.919700,-24.744017,-0.824317,116776.500000,100727.077528,-16049.422472
T71 -> R161,610.544900,95.760300,95.472290,-0.288010,-35.195200,-32.146610,3.048590,8721.968000,17366.141258,8644.173258
T139 -> R173,601.952800,95.637200,95.858580,0.221380,-33.035600,-32.004972,1.030628,14339.540000,18473.368490,4133.828490
T96 -> R105,623.791200,95.946800,95.957658,0.010858,-30.235700,-31.642189,-1.406489,27316.540000,19988.709956,-7327.830044
T50 -> R18,810.238900,98.218300,98.605452,0.387152,-35.791300,-35.207052,0.584248,7603.596000,9055.319639,1451.723639
T85 -> R185,531.235500,94.551700,94.477869,-0.073831,-32.130700,-29.874423,2.256277,17660.250000,28210.001945,10549.751945
T165 -> R63,409.146700,92.283600,92.589287,0.305687,-29.545900,-29.156673,0.389227,32016.420000,35544.678468,3528.258468
T152 -> R164,284.552400,89.129200,89.645940,0.516740,-23.519200,-25.858770,-2.339570,128031.500000,75764.454142,-52267.045858
T74 -> R169,980.615900,99.876000,100.031038,0.155038,-36.393800,-35.864118,0.529682,6618.689000,7557.159028,938.470028
T73 -> R3,504.939500,94.110800,94.540111,0.429311,-34.664800,-29.812151,4.852649,9854.834000,30038.934323,20184.100323
T43 -> R169,794.738000,98.050500,97.983973,-0.066527,-34.567800,-33.797282,0.770518,10077.390000,11768.595181,1691.205181
T114 -> R104,650.104800,96.305700,96.348202,0.042502,-32.974600,-31.795756,1.178844,14542.200000,19329.421434,4787.221434
T35 -> R129,237.639100,87.564400,87.276753,-0.287647,-26.841800,-23.458854,3.382946,59645.900000,126490.667040,66844.767040
T51 -> R45,295.543200,89.458400,89.255112,-0.203288,-29.231800,-26.276113,2.955687,34416.280000,67182.432808,32766.152808
T38 -> R30,420.588100,92.523100,92.999348,0.476248,-27.800500,-29.922727,-2.122227,47839.840000,29603.383229,-18236.456771
T47 -> R22,558.692200,94.989400,94.914498,-0.074902,-43.522000,-31.092945,12.429055,1282.317000,22295.145965,21012.828965
T26 -> R157,539.124900,94.679800,94.807025,0.127225,-34.069800,-31.146015,2.923785,11301.530000,22540.142023,11238.612023
T174 -> R30,384.117800,91.735300,91.912073,0.176773,-27.011300,-28.742423,-1.731123,57364.930000,39599.952433,-17764.977567
T88 -> R12,868.464000,98.821000,99.047649,0.226649,-34.070100,-34.481462,-0.411362,11300.760000,10694.228111,-606.531889
T69 -> R48,420.951400,92.530600,92.763870,0.233270,-31.182500,-29.879169,1.303331,21967.880000,29152.288649,7184.408649
T92 -> R151,278.222600,88.933800,88.805164,-0.128636,-23.956900,-25.189321,-1.232421,115783.500000,88779.883132,-27003.616868
T84 -> R153,320.619400,90.165800,90.277320,0.111520,-25.406600,-26.693051,-1.286451,82969.520000,64731.147165,-18238.372835
T148 -> R64,902.014000,99.150300,99.173448,0.023148,-35.546700,-36.054567,-0.507867,8043.968000,7174.947918,-869.020082
T74 -> R55,181.536400,85.225300,85.666172,0.440872,-23.653800,-22.211207,1.442593,124132.500000,184009.946916,59877.446916
T122 -> R151,360.369700,91.181000,91.149351,-0.031649,-26.211000,-27.833442,-1.622442,68957.700000,44202.092954,-24755.607046
T33 -> R173,390.111100,91.869800,91.736623,-0.133177,-29.265100,-27.569581,1.695519,34153.300000,48787.644963,14634.344963
T144 -> R0,419.892700,92.508800,92.547766,0.038966,-27.514400,-28.442295,-0.927895,51095.580000,42246.311708,-8849.268292
T15 -> R39,262.594300,88.431700,88.186312,-0.245388,-24.970600,-25.160944,-0.190344,91718.520000,88332.633854,-3385.886146
T50 -> R138,622.006200,95.921900,95.852669,-0.069231,-35.221400,-32.474129,2.747271,8669.557000,16687.065316,8017.508316
T58 -> R53,543.677900,94.752800,94.936107,0.183307,-32.838600,-31.954610,0.883990,15004.890000,17803.846746,2798.956746
T67 -> R80,1015.518600,100.179800,100.184506,0.004706,-38.648800,-36.361285,2.287515,3938.140000,6320.644574,2382.504574
T21 -> R86,765.751500,97.727800,97.715345,-0.012455,-33.946400,-33.666497,0.279903,11627.140000,12414.021987,786.881987
T165 -> R167,730.123100,97.313900,97.596519,0.282619,-33.165700,-34.151046,-0.985346,13916.340000,10904.638594,-3011.701406
T168 -> R79,633.355600,96.078900,96.217726,0.138826,-34.272600,-32.784725,1.487875,10785.960000,15096.175538,4310.215538
T34 -> R180,954.584700,99.642300,99.827283,0.184983,-35.311200,-35.398954,-0.087754,8492.180000,8737.109259,244.929259
T148 -> R159,698.305800,96.926900,97.214325,0.287425,-35.185400,-33.897447,1.287953,8741.783000,12057.455321,3315.672321
T162 -> R44,703.797500,96.995000,97.297667,0.302667,-33.166000,-33.802319,-0.636319,13915.490000,11815.400876,-2100.089124
T137 -> R155,204.166400,86.245700,86.355502,0.109802,-22.367400,-22.904420,-0.537020,166804.500000,154941.072416,-11863.427584
T125 -> R150,743.871200,97.476000,97.703959,0.227959,-32.462300,-34.172456,-1.710156,16362.730000,11725.657380,-4637.072620
T69 -> R143,789.055200,97.988100,98.076107,0.088007,-31.532400,-34.001218,-2.468818,20267.860000,11522.079602,-8745.780398
T70 -> R18,357.052100,91.100600,90.978775,-0.121825,-28.668900,-27.539288,1.129612,39175.950000,51249.904376,12073.954376
T58 -> R20,340.726900,90.694100,90.548382,-0.145718,-23.864400,-27.122262,-3.257862,118269.000000,56840.648281,-61428.351719
T38 -> R188,680.463900,96.702100,96.718399,0.016299,-31.141800,-32.101024,-0.959224,22174.930000,17782.035463,-4392.894537
T93 -> R134,268.376900,88.620900,88.321533,-0.299367,-21.297600,-24.543319,-3.245719,213225.400000,104264.775812,-108960.624188
T33 -> R23,172.437900,84.778700,84.764830,-0.013870,-20.740100,-22.174441,-1.434341,242309.300000,176815.168360,-65494.131640
T141 -> R66,357.849800,91.120000,91.288571,0.168571,-27.259300,-27.833888,-0.574588,54183.650000,47961.191998,-6222.458002
T47 -> R101,525.607000,94.459200,94.215473,-0.243727,-29.211100,-30.182027,-0.970927,34580.450000,28711.087322,-5869.362678
T81 -> R39,814.893200,98.268000,98.597251,0.329251,-34.819300,-35.856788,-1.037488,9510.593000,7578.130305,-1932.462695
T50 -> R173,447.891900,93.069500,93.046971,-0.022529,-30.466100,-28.960511,1.505589,25906.020000,35549.689268,9643.669268
T21 -> R95,247.087800,87.903000,87.643806,-0.259194,-25.389200,-23.732751,1.656449,83302.570000,117705.658944,34403.088944
T84 -> R105,529.570200,94.524500,94.634192,0.109692,-28.811800,-30.369715,-1.557915,37908.520000,26698.998895,-11209.521105
T137 -> R132,331.288300,90.450100,90.539756,0.089656,-23.721600,-27.305656,-3.584056,122213.900000,54741.591108,-67472.308892
T37 -> R120,927.527100,99.392500,99.524135,0.131635,-43.340500,-34.359837,8.980663,1337.046000,10644.787109,9307.741109
T125 -> R113,700.532200,96.954600,96.997723,0.043123,-31.285100,-32.499670,-1.214570,21455.360000,16948.335377,-4507.024623
T49 -> R169,42.390000,72.591300,72.760735,0.169435,-8.541400,-8.172361,0.369039,3778502.000000,3659760.613083,-118741.386917
T114 -> R20,752.960600,97.581400,97.612015,0.030615,-30.765900,-33.892260,-3.126360,24178.620000,12276.448769,-11902.171231
T124 -> R178,539.718800,94.689300,94.689925,0.000625,-35.418200,-30.543360,4.874840,8285.600000,25998.779221,17713.179221
T25 -> R45,690.600200,96.830500,96.652535,-0.177965,-36.608200,-34.197245,2.410955,6300.004000,11041.955002,4741.951002
T1 -> R45,706.286600,97.025600,96.867328,-0.158272,-36.803300,-34.845240,1.958060,6023.241000,9750.730918,3727.489918
T1 -> R171,118.666200,81.532500,81.848950,0.316450,-17.072400,-18.702524,-1.630124,560708.600000,394287.272829,-166421.327171
T75 -> R103,728.032500,97.289000,97.058847,-0.230153,-35.904300,-32.954537,2.949763,7408.243000,14703.818544,7295.575544
T96 -> R131,712.379700,97.100200,97.250484,0.150284,-35.083600,-33.167371,1.916229,8949.105000,14435.638212,5486.533212
T175 -> R30,304.321700,89.712700,89.733061,0.020361,-24.983500,-26.423373,-1.439873,91446.230000,67433.108852,-24013.121148
T36 -> R121,688.079900,96.798800,96.879924,0.081124,-31.809400,-32.681663,-0.872263,19015.930000,15043.044760,-3972.885240
T8 -> R121,567.179400,95.120400,94.735060,-0.385340,-30.129700,-31.470832,-1.341132,27991.230000,19917.783035,-8073.446965
T96 -> R181,743.425200,97.470700,97.501157,0.030457,-32.900100,-33.237429,-0.337329,14793.830000,13607.158949,-1186.671051
T172 -> R80,685.626300,96.767700,96.972568,0.204868,-35.236100,-33.042048,2.194052,8640.273000,14236.571652,5596.298652
T162 -> R161,533.227900,94.584300,94.825760,0.241460,-34.018700,-31.520792,2.497908,11435.220000,20122.113480,8686.893480
T67 -> R121,621.602700,95.916300,95.808712,-0.107588,-30.926300,-31.802983,-0.876683,23302.450000,19078.610795,-4223.839205
T148 -> R80,879.249600,98.928200,98.964211,0.036011,-37.397100,-35.315293,2.081807,5253.545000,8501.521620,3247.976620
T40 -> R158,398.972800,92.064900,92.309141,0.244241,-27.161200,-28.720462,-1.559262,55420.480000,39217.223594,-16203.256406
T26 -> R55,568.817800,95.145500,95.144272,-0.001228,-33.590800,-32.536524,1.054276,12619.070000,16626.077486,4007.007486
T125 -> R57,475.282700,93.585000,93.763026,0.178026,-28.826000,-30.729189,-1.903189,37785.320000,24085.671724,-13699.648276
T35 -> R196,465.484300,93.404100,93.348560,-0.055540,-28.181000,-27.864484,0.316516,43830.120000,47239.573239,3409.453239
T17 -> R173,480.738600,93.684200,93.511229,-0.172971,-31.081300,-29.464650,1.616650,22485.550000,32722.405417,10236.855417
T152 -> R53,450.497700,93.119800,93.438421,0.318621,-31.204600,-30.350070,0.854530,21856.590000,26481.872334,4625.282334
T97 -> R24,530.684400,94.542700,94.770770,0.228070,-28.956900,-31.986683,-3.029783,36663.530000,17758.430625,-18905.099375
T133 -> R161,384.307300,91.739600,91.853468,0.113868,-31.172500,-28.288426,2.884074,22018.740000,41841.497624,19822.757624
T148 -> R164,619.863700,95.891900,96.272723,0.380823,-30.297100,-32.839358,-2.542258,26933.230000,14941.202678,-11992.027322
T108 -> R117,1051.843500,100.485000,100.412775,-0.072225,-34.544700,-36.368426,-1.823726,10131.120000,6418.161162,-3712.958838
T34 -> R95,926.900400,99.386700,99.300164,-0.086536,-36.884500,-34.556528,2.327972,5911.703000,10363.010919,4451.307919
T126 -> R164,183.504300,85.318900,85.635061,0.316161,-19.681700,-21.993399,-2.311699,308821.800000,192967.754331,-115854.045669
T162 -> R5,550.845100,94.866600,94.696501,-0.170099,-29.157300,-30.681191,-1.523891,35011.470000,25317.972160,-9693.497840
T140 -> R13,445.080800,93.014800,93.061783,0.046983,-26.990400,-29.516810,-2.526410,57640.570000,32821.941861,-24818.628139
T38 -> R42,632.780100,96.071100,95.905561,-0.165539,-31.972800,-33.134610,-1.161810,18314.080000,14391.825940,-3922.254060
T183 -> R7,553.741000,94.912100,94.613774,-0.298326,-33.071400,-30.355828,2.715572,14221.740000,28449.206275,14227.466275
T168 -> R142,567.862300,95.130900,95.557295,0.426395,-31.357600,-32.633087,-1.275487,21100.230000,15509.606781,-5590.623219
T28 -> R103,344.750900,90.796100,90.837360,0.041260,-29.407600,-26.072136,3.335464,33052.080000,69277.186967,36225.106967
T33 -> R99,362.828500,91.240000,91.440392,0.200392,-24.774100,-26.771246,-1.997146,95956.690000,59550.005150,-36406.684850
T25 -> R109,825.681100,98.382200,98.438412,0.056212,-31.776800,-33.394105,-1.617305,19159.280000,12553.523554,-6605.756446
T74 -> R157,314.362400,89.994600,90.083240,0.088640,-29.381300,-26.335508,3.045792,33252.180000,68235.724013,34983.544013
T46 -> R82,109.164300,80.807600,80.594269,-0.213331,-16.963600,-16.795907,0.167693,574794.100000,632247.292293,57453.192293
T26 -> R136,737.236200,97.398100,97.475127,0.077027,-36.502600,-33.588552,2.914048,6454.957000,12365.719654,5910.762654
T25 -> R0,718.148400,97.170300,96.922169,-0.248131,-32.180900,-32.172972,0.007928,17457.350000,17474.294916,16.944916
T67 -> R115,600.067200,95.610000,95.574721,-0.035279,-31.330200,-31.525115,-0.194915,21233.480000,20526.385985,-707.094015
T163 -> R184,596.074800,95.552000,95.848898,0.296898,-30.272200,-31.840160,-1.567960,27088.470000,19885.569221,-7202.900779
T162 -> R153,463.654000,93.369900,93.375951,0.006051,-28.617200,-30.188634,-1.571434,39644.630000,26988.140319,-12656.489681
T51 -> R66,697.575000,96.917800,97.148883,0.231083,-33.063100,-33.703304,-0.640204,14249.100000,11780.595627,-2468.504373
T98 -> R131,785.784200,97.952100,98.158975,0.206875,-35.935700,-34.051610,1.884090,7355.024000,11938.015098,4582.991098
T35 -> R80,518.608500,94.342800,94.195649,-0.147151,-32.810200,-31.067570,1.742630,15103.300000,24002.027096,8898.727096
T183 -> R42,950.100500,99.601400,100.432123,0.830723,-35.504700,-36.294642,-0.789942,8122.224000,6620.119979,-1502.104021
T174 -> R185,246.041500,87.866200,88.220505,0.354305,-25.435400,-23.612448,1.822952,82421.710000,131090.336692,48668.626692
T70 -> R80,569.616200,95.157600,95.126205,-0.031395,-33.625400,-31.567852,2.057548,12518.920000,20546.538048,8027.618048
T43 -> R138,406.611100,92.229600,92.520316,0.290716,-31.527400,-28.297971,3.229429,20291.550000,43258.017363,22966.467363
T123 -> R3,405.550400,92.206900,92.278914,0.072014,-32.760100,-28.380398,4.379702,15278.440000,39633.600698,24355.160698
T40 -> R181,633.241100,96.077400,96.089427,0.012027,-31.505900,-31.910265,-0.404365,20391.970000,18286.572253,-2105.397747
T186 -> R105,424.338200,92.600200,92.655075,0.054875,-26.884400,-28.906941,-2.022541,59063.450000,37883.983947,-21179.466053
T110 -> R0,475.611800,93.591000,93.920102,0.329102,-28.598400,-29.880847,-1.282447,39817.110000,28517.520125,-11299.589875
T94 -> R177,382.805700,91.705600,91.983985,0.278385,-27.519900,-28.057908,-0.538008,51030.110000,43700.278654,-7329.831346
T71 -> R119,1029.740300,100.300600,100.505452,0.204852,-36.322200,-35.365282,0.956918,6728.739000,8325.493294,1596.754294
T168 -> R11,891.461700,99.048100,99.079186,0.031086,-30.558400,-34.821491,-4.263091,25361.170000,9875.161252,-15486.008748
T102 -> R65,712.889600,97.106400,97.384579,0.278179,-31.964200,-34.493134,-2.528934,18350.380000,10949.969171,-7400.410829
T122 -> R22,234.844900,87.461600,87.579423,0.117823,-35.993300,-24.020929,11.972371,7258.105000,114209.095328,106950.990328
T133 -> R31,672.667400,96.602000,96.830277,0.228277,-33.185100,-34.585754,-1.400654,13854.530000,10210.243537,-3644.286463
T67 -> R80,1015.518600,100.179800,100.184506,0.004706,-38.648800,-36.361285,2.287515,3938.140000,6320.644574,2382.504574
T122 -> R77,534.477700,94.604600,94.899105,0.294505,-31.585900,-31.543707,0.042193,20020.100000,20987.828976,967.728976
T50 -> R63,801.962800,98.129100,98.289574,0.160474,-35.395000,-35.159562,0.235438,8329.985000,8954.966896,624.981896
T111 -> R134,1082.987700,100.738500,100.582422,-0.156078,-33.445300,-36.685839,-3.240539,13048.980000,6217.470561,-6831.509439
T146 -> R157,603.344300,95.657300,96.093303,0.436003,-35.047700,-32.821288,2.226412,9023.368000,15171.889410,6148.521410
T75 -> R131,912.222800,99.248000,99.451658,0.203658,-37.231900,-34.945399,2.286501,5457.259000,9579.389027,4122.130027
T51 -> R134,959.881200,99.690300,99.833262,0.142962,-32.396600,-34.971061,-2.574461,16611.760000,9352.240820,-7259.519180
T160 -> R131,693.431400,96.866100,97.035661,0.169561,-34.849300,-33.559035,1.290265,9444.944000,13127.247055,3682.303055
T32 -> R42,767.732500,97.750200,97.712677,-0.037523,-33.652800,-35.305547,-1.652747,12440.180000,8233.169106,-4207.010894
T130 -> R113,295.514900,89.457600,89.483464,0.025864,-23.773100,-25.403288,-1.630188,120776.000000,82027.544329,-38748.455671
T73 -> R19,182.200000,85.257000,85.466200,0.209200,-20.232100,-22.207202,-1.975102,272238.000000,176965.653429,-95272.346571
T137 -> R104,570.131800,95.165500,95.196731,0.031231,-31.833800,-31.170691,0.663109,18909.470000,21277.122770,2367.652770
T137 -> R18,556.874500,94.961100,95.184798,0.223698,-32.532900,-32.462830,0.070070,16098.840000,16611.350477,512.510477
T149 -> R147,267.949300,88.607100,88.837839,0.230739,-25.885100,-25.574456,0.310644,74324.440000,81583.242496,7258.802496
T126 -> R103,537.100100,94.647100,94.684255,0.037155,-33.261500,-30.655809,2.605691,13612.970000,23742.300391,10129.330391
T175 -> R86,845.334600,98.586600,98.733250,0.146650,-34.805600,-34.120743,0.684857,9540.598000,11159.427140,1618.829140
T122 -> R41,730.984900,97.324200,97.560010,0.235810,-32.184900,-35.207047,-3.022147,17441.520000,8665.683357,-8775.836643
T183 -> R142,325.966600,90.309500,90.361795,0.052295,-26.529700,-27.080472,-0.550772,64084.120000,58880.710646,-5203.409354
T111 -> R185,692.300300,96.851900,96.986619,0.134719,-34.432000,-32.555161,1.876839,10397.460000,15971.198230,5573.738230
T174 -> R153,581.820400,95.341800,95.723391,0.381591,-30.591300,-32.659216,-2.067916,25170.130000,15283.728103,-9886.401897
T125 -> R18,652.679100,96.340000,96.598028,0.258028,-33.912400,-33.977989,-0.065589,11718.630000,11806.862254,88.232254
T61 -> R142,486.788500,93.792800,94.154106,0.361306,-30.018400,-30.451938,-0.433538,28717.710000,26990.451632,-1727.258368
T84 -> R24,891.455700,99.048000,99.340716,0.292716,-33.465800,-35.745546,-2.279746,12987.610000,7705.091066,-5282.518934
T61 -> R120,836.761600,98.498000,98.562626,0.064626,-42.445900,-33.836249,8.609651,1642.852000,11858.620905,10215.768905
T25 -> R91,443.782200,92.989400,93.092601,0.103201,-28.630700,-29.034781,-0.404081,39522.170000,37185.257394,-2336.912606
T144 -> R188,532.075900,94.565500,94.612821,0.047321,-29.003000,-30.273550,-1.270550,36277.000000,28064.755548,-8212.244452
T174 -> R179,513.958900,94.264600,94.347442,0.082842,-29.261800,-30.423062,-1.161262,34179.930000,27464.232436,-6715.697564
T58 -> R147,201.972900,86.151900,85.944271,-0.207629,-23.421400,-21.959911,1.461489,130941.200000,185473.134429,54531.934429
T56 -> R6,416.527200,92.438900,92.627198,0.188298,-27.755700,-28.583331,-0.827631,48335.970000,41401.262937,-6934.707063
T141 -> R80,678.991800,96.683300,96.572801,-0.110499,-35.151600,-32.951681,2.199919,8809.972000,14745.367644,5935.395644
T137 -> R161,379.817500,91.637500,91.749079,0.111579,-31.070300,-28.164166,2.906134,22542.590000,43339.262044,20796.672044
T70 -> R155,74.338100,77.470200,76.076826,-1.393374,-13.424000,-11.582577,1.841423,1282675.000000,1753658.416472,470983.416472
T174 -> R54,946.502500,99.568400,100.034081,0.465681,-37.611400,-36.321408,1.289992,5000.645000,6820.563034,1819.918034
T124 -> R179,209.981800,86.489600,86.840164,0.350564,-21.461100,-22.910622,-1.449522,205377.100000,152717.043893,-52660.056107
T108 -> R6,866.939000,98.805800,98.822473,0.016673,-34.128200,-33.847947,0.280253,11150.650000,12431.262253,1280.612253
T27 -> R13,774.541500,97.826900,97.867210,0.040310,-31.808400,-34.509179,-2.700779,19020.680000,10205.939322,-8814.740678
T108 -> R193,1014.336300,100.169600,100.527185,0.357585,-35.058900,-35.443618,-0.384718,9000.150000,8511.933302,-488.216698
T4 -> R147,846.422200,98.597700,98.786406,0.188706,-35.885900,-34.660297,1.225603,7439.772000,9390.485365,1950.713365
T1 -> R13,762.045800,97.685600,97.516287,-0.169313,-31.667000,-34.837655,-3.170655,19649.800000,9725.849989,-9923.950011
T135 -> R166,937.837000,99.488500,99.271680,-0.216820,-34.621400,-35.796256,-1.174856,9953.860000,7611.026261,-2342.833739
T156 -> R95,715.521600,97.138500,96.938127,-0.200373,-34.635700,-32.924296,1.711404,9921.181000,14664.662100,4743.481100
T9 -> R101,587.174300,95.421300,95.147883,-0.273417,-30.174300,-31.398365,-1.224065,27705.570000,19532.366959,-8173.203041
T118 -> R77,376.036100,91.550600,91.419439,-0.131161,-28.528800,-28.036381,0.492419,40459.470000,46754.893630,6295.423630
T1 -> R181,959.946900,99.690900,99.912294,0.221394,-35.121200,-35.402486,-0.281286,8871.893000,8270.828880,-601.064120
T40 -> R95,318.776700,90.115700,90.003811,-0.111889,-27.606900,-25.591851,2.015049,50019.280000,76896.225787,26876.945787
T112 -> R13,899.259800,99.123700,99.151373,0.027673,-33.105900,-34.733202,-1.627302,14109.390000,9892.370884,-4217.019116
T46 -> R136,445.447200,93.021900,93.401608,0.379708,-32.124700,-29.113566,3.011134,17684.740000,35958.675307,18273.935307
T125 -> R150,743.871200,97.476000,97.703959,0.227959,-32.462300,-34.172456,-1.710156,16362.730000,11725.657380,-4637.072620
T170 -> R188,953.608500,99.633400,99.805432,0.172032,-34.074700,-35.148473,-1.073773,11288.870000,8808.462243,-2480.407757
T37 -> R55,405.252300,92.200500,92.491768,0.291268,-30.644000,-29.726856,0.917144,24866.510000,30371.136346,5504.626346
T8 -> R171,584.311600,95.378900,95.243104,-0.135796,-30.999700,-31.843634,-0.843934,22911.940000,19082.450336,-3829.489664
T106 -> R64,236.962600,87.539600,87.919202,0.379602,-23.919700,-24.744017,-0.824317,116776.500000,100727.077528,-16049.422472
T93 -> R151,450.080400,93.111800,93.526951,0.415151,-28.145600,-30.218097,-2.072497,44188.850000,28466.833716,-15722.016284
T34 -> R78,335.120500,90.550000,90.509351,-0.040649,-30.384700,-26.877916,3.506784,26395.820000,58036.780714,31640.960714
T73 -> R181,483.169500,93.728000,93.772616,0.044616,-29.154300,-29.340305,-0.186005,35035.530000,31154.030314,-3881.499686
T140 -> R60,715.278400,97.135500,97.135759,0.000259,-31.980100,-34.313083,-2.332983,18283.360000,11444.885333,-6838.474667
T149 -> R52,74.410500,77.478700,77.353937,-0.124763,-15.669400,-14.007626,1.661774,771693.700000,1172228.747990,400535.047990
T125 -> R29,910.621100,99.232800,99.122834,-0.109966,-39.006400,-35.855041,3.151359,3626.925000,7495.772244,3868.847244
T1 -> R3,131.776800,82.442800,83.555238,1.112438,-22.976500,-20.609409,2.367091,145032.900000,265776.730264,120743.830264
T127 -> R117,698.801000,96.933100,96.981228,0.048128,-30.990800,-32.565152,-1.574352,22958.790000,16794.025810,-6164.764190
T51 -> R54,182.085800,85.251500,85.432442,0.180942,-23.274900,-22.075679,1.199221,135424.900000,182072.356379,46647.456379
T69 -> R143,789.055200,97.988100,98.076107,0.088007,-31.532400,-34.001218,-2.468818,20267.860000,11522.079602,-8745.780398
T112 -> R80,178.921700,85.099300,85.474666,0.375366,-23.549800,-22.236006,1.313794,127135.800000,183023.880093,55888.080093
T92 -> R52,55.638500,74.953500,74.668632,-0.284868,-13.050400,-10.763735,2.286665,1395163.000000,2267163.164891,872000.164891
T34 -> R181,359.516400,91.160400,90.906832,-0.253568,-26.582500,-26.625000,-0.042500,63311.530000,60053.651530,-3257.878470
T139 -> R134,1125.049200,101.069400,101.264416,0.195016,-33.776400,-37.604803,-3.828403,12091.310000,5231.644962,-6859.665038
T145 -> R177,597.132200,95.567400,95.781912,0.214512,-31.386300,-31.835210,-0.448910,20961.200000,19324.855725,-1636.344275
T110 -> R116,673.905800,96.618000,96.696937,0.078937,-29.971500,-32.257411,-2.285911,29029.080000,17465.097034,-11563.982966
T123 -> R7,244.642800,87.816600,87.847281,0.030681,-25.967100,-23.734488,2.232612,72936.160000,120662.237126,47726.077126
T94 -> R12,74.819600,77.526300,76.960677,-0.565623,-12.541700,-12.820600,-0.278900,1563911.000000,1459646.788504,-104264.211496
T149 -> R95,431.238800,92.740400,92.844024,0.103624,-30.234900,-28.696075,1.538825,27321.470000,38552.359144,11230.889144
T46 -> R91,97.583700,79.833500,79.186912,-0.646588,-15.356000,-15.271108,0.084892,828608.300000,861787.930830,33179.630830
T114 -> R64,716.649900,97.152100,97.283568,0.131468,-33.547900,-34.492516,-0.944616,12744.360000,11068.710806,-1675.649194
T183 -> R42,950.100500,99.601400,100.432123,0.830723,-35.504700,-36.294642,-0.789942,8122.224000,6620.119979,-1502.104021
T114 -> R101,138.547100,82.877900,83.021037,0.143137,-17.559500,-18.978629,-1.419129,501728.200000,378124.987379,-123603.212621
T107 -> R103,586.798200,95.415800,95.517601,0.101801,-34.030500,-31.172040,2.858460,11404.320000,21621.024539,10216.704539
T133 -> R180,647.403300,96.269500,96.504749,0.235249,-31.936900,-32.407383,-0.470483,18466.030000,17170.782629,-1295.247371
T93 -> R57,787.167500,97.967300,98.183134,0.215834,-33.211900,-35.553421,-2.341521,13769.310000,8365.051187,-5404.258813
T27 -> R164,497.843700,93.987900,94.057172,0.069272,-28.390800,-30.237501,-1.846701,41764.420000,27688.783335,-14075.636665
T58 -> R157,554.438500,94.923100,95.094645,0.171545,-34.313200,-31.622419,2.690781,10685.740000,20352.674100,9666.934100
T139 -> R153,533.646200,94.591100,94.806836,0.215736,-29.839900,-31.608201,-1.768301,29922.110000,19516.720231,-10405.389769
T56 -> R155,236.448300,87.520700,87.246956,-0.273744,-23.648800,-23.165547,0.483253,124275.100000,135319.515017,11044.415017
T135 -> R181,106.607500,80.601700,80.754398,0.152698,-15.923700,-16.686609,-0.762909,728347.500000,612896.789510,-115450.710490
T140 -> R179,613.282600,95.799200,96.022501,0.223301,-30.797900,-31.967040,-1.169140,24001.040000,18860.509699,-5140.530301
T102 -> R150,770.948500,97.786500,97.846926,0.060426,-32.773000,-34.061276,-1.288276,15233.230000,11612.686550,-3620.543450
T67 -> R171,608.267000,95.727900,95.517217,-0.210683,-31.349000,-31.688493,-0.339493,21142.140000,19182.666477,-1959.473523
T139 -> R177,524.604000,94.442600,94.548751,0.106151,-30.260600,-30.576048,-0.315448,27160.680000,25562.994059,-1597.685941
T1 -> R103,727.042900,97.277200,97.486465,0.209265,-35.892500,-33.252884,2.639616,7428.427000,13047.794575,5619.367575
T102 -> R53,437.502700,92.865600,92.941277,0.075677,-30.950100,-29.943862,1.006238,23174.800000,29536.952055,6362.152055
T88 -> R103,437.061000,92.856800,92.865152,0.008352,-31.470200,-28.509434,2.960766,20560.400000,41608.689514,21048.289514
T183 -> R120,137.144300,82.789600,83.281153,0.491553,-26.728500,-19.451783,7.276717,61220.170000,316255.822193,255035.652193
T10 -> R196,372.533300,91.469300,91.105789,-0.363511,-26.242500,-25.807391,0.435109,68460.140000,76844.443841,8384.303841
T107 -> R63,708.539400,97.053300,97.337736,0.284436,-34.318800,-34.535803,-0.217003,10671.910000,10922.313356,250.403356
T34 -> R166,787.811700,97.974400,97.914908,-0.059492,-33.106700,-33.795908,-0.689208,14106.940000,11488.548225,-2618.391775
T114 -> R119,616.146900,95.839700,95.945109,0.105409,-31.859500,-31.657961,0.201539,18797.990000,19992.444992,1194.454992
T122 -> R63,774.145300,97.822400,97.761814,-0.060586,-35.088300,-35.055677,0.032623,8939.480000,9482.717014,543.237014
T127 -> R166,472.277000,93.529900,93.539653,0.009753,-28.658400,-29.859969,-1.201569,39271.120000,29271.963657,-9999.156343
T144 -> R153,555.477000,94.939300,95.227783,0.288483,-30.188500,-32.057409,-1.868909,27615.290000,17702.056163,-9913.233837
T10 -> R72,297.760400,89.523300,89.480448,-0.042852,-27.340000,-26.181093,1.158907,53186.880000,68964.399511,15777.519511
T69 -> R39,736.599400,97.390600,97.660423,0.269823,-33.941500,-34.755757,-0.814257,11640.250000,9870.909685,-1769.340315
T175 -> R196,515.560900,94.291600,94.051925,-0.239675,-29.069700,-29.547347,-0.477647,35724.130000,34498.440688,-1225.689312
T130 -> R113,295.514900,89.457600,89.483464,0.025864,-23.773100,-25.403288,-1.630188,120776.000000,82027.544329,-38748.455671
T28 -> R19,253.066600,88.110700,87.884545,-0.226155,-23.105600,-24.625009,-1.519409,140795.300000,101889.689319,-38905.610681
T156 -> R20,508.166900,94.166100,94.094665,-0.071435,-27.346200,-30.630657,-3.284457,53110.580000,25746.463175,-27364.116825
T14 -> R44,182.138100,85.254000,85.274885,0.020885,-21.395800,-22.480526,-1.084726,208475.800000,162976.990834,-45498.809166
T75 -> R30,453.441100,93.176400,93.542973,0.366573,-28.454800,-30.509687,-2.054887,41153.960000,25160.470464,-15993.489536
T102 -> R3,931.613200,99.430700,99.481603,0.050903,-39.985800,-34.346422,5.639378,2894.705000,10916.111674,8021.406674
T67 -> R158,695.845100,96.896200,96.658197,-0.238003,-31.998200,-33.013838,-1.015638,18207.550000,14227.909996,-3979.640004
T58 -> R53,543.677900,94.752800,94.936107,0.183307,-32.838600,-31.954610,0.883990,15004.890000,17803.846746,2798.956746
T75 -> R18,813.458600,98.252700,98.586971,0.334271,-35.825700,-34.677675,1.148025,7543.517000,10364.787614,2821.270614
T70 -> R82,137.836200,82.833300,83.144084,0.310784,-19.021700,-19.584892,-0.563192,359194.000000,360493.138840,1299.138840
T183 -> R22,145.560700,83.306900,83.935861,0.628961,-31.836800,-20.780834,11.055966,18896.670000,244310.705826,225414.035826
T97 -> R86,763.709500,97.704600,97.847161,0.142561,-33.923200,-34.216901,-0.293701,11689.410000,11376.722569,-312.687431
T137 -> R22,438.174700,92.878900,92.918886,0.039986,-41.411400,-29.634165,11.777235,2084.741000,31709.938382,29625.197382
T176 -> R143,552.694100,94.895700,95.189383,0.293683,-28.436800,-32.237454,-3.800654,41324.870000,17042.245799,-24282.624201
T28 -> R42,647.627200,96.272500,96.071366,-0.201134,-32.174400,-33.494357,-1.319957,17483.740000,13341.607125,-4142.132875
T43 -> R77,648.831900,96.288600,96.534930,0.246330,-33.270900,-32.833363,0.437537,13583.530000,14564.210397,980.680397
T83 -> R185,541.906500,94.724500,94.694636,-0.029864,-32.303600,-29.999936,2.303664,16971.380000,27427.829987,10456.449987
T133 -> R60,579.546800,95.307800,95.699294,0.391494,-30.150900,-32.862595,-2.711695,27854.870000,15353.832184,-12501.037816
T21 -> R153,454.305300,93.193000,93.236209,0.043209,-28.440000,-29.293256,-0.853256,41294.200000,33602.063893,-7692.136107
T36 -> R129,865.494000,98.791300,98.933480,0.142180,-38.077000,-34.192103,3.884897,4492.345000,10822.187865,6329.842865
T85 -> R121,60.358100,75.660700,74.911310,-0.749390,-10.285500,-10.926371,-0.640871,2582692.000000,2162044.438454,-420647.561546
T61 -> R184,543.102800,94.743600,94.842512,0.098912,-29.463000,-29.944578,-0.481578,32633.490000,27258.906569,-5374.583431
T51 -> R24,928.181500,99.398700,99.746151,0.347451,-33.816600,-37.342518,-3.525918,11979.960000,5379.022221,-6600.937779
T106 -> R193,538.458600,94.669000,94.536255,-0.132745,-29.554800,-29.697037,-0.142237,31950.800000,30577.051933,-1373.748067
T123 -> R45,532.662700,94.575000,94.868580,0.293580,-34.352000,-32.445719,1.906281,10590.630000,16634.749781,6044.119781
T148 -> R48,944.435300,99.549400,99.582658,0.033258,-38.204000,-36.697514,1.506486,4362.899000,6185.334635,1822.435635
T40 -> R105,177.277800,85.019100,85.091797,0.072697,-19.261000,-21.153967,-1.892967,340052.900000,217025.005137,-123027.894863
T162 -> R2,820.637300,98.329000,98.148075,-0.180925,-34.137100,-33.904194,0.232906,11127.820000,11732.669700,604.849700
T92 -> R91,428.506400,92.685100,92.579758,-0.105342,-28.326000,-28.533413,-0.207413,42392.350000,41647.880970,-744.469030
T15 -> R89,263.632300,88.466000,88.297134,-0.168866,-23.375600,-24.524373,-1.148773,132326.100000,99850.595832,-32475.504168
T152 -> R89,287.836300,89.228900,89.186699,-0.042201,-24.141800,-25.017840,-0.876040,110966.300000,88261.423818,-22704.876182
T26 -> R29,849.486200,98.629100,98.700726,0.071626,-38.402700,-36.864632,1.538068,4167.786000,5920.322191,1752.536191
T114 -> R161,527.164300,94.484900,94.549219,0.064319,-33.919400,-31.018246,2.901154,11699.850000,22543.091270,10843.241270
T32 -> R65,594.520700,95.529300,95.614081,0.084781,-30.385900,-32.611132,-2.225232,26388.580000,15990.697040,-10397.882960
T133 -> R142,388.682300,91.837900,91.656532,-0.181368,-28.061000,-28.553274,-0.492274,45057.160000,38036.123269,-7021.036731
T33 -> R147,662.804900,96.473700,96.502681,0.028981,-33.761200,-33.083416,0.677784,12133.820000,14331.655082,2197.835082
T67 -> R91,301.852000,89.641900,89.514769,-0.127131,-25.276200,-25.233330,0.042870,85494.550000,85146.288790,-348.261210
T137 -> R60,273.827400,88.795500,89.257922,0.462422,-23.624100,-25.938495,-2.314395,124984.100000,76112.292328,-48871.807672
T114 -> R161,527.164300,94.484900,94.549219,0.064319,-33.919400,-31.018246,2.901154,11699.850000,22543.091270,10843.241270
T84 -> R136,447.699500,93.065700,93.511951,0.446251,-32.168600,-29.700644,2.467956,17507.200000,32184.245016,14677.045016
T123 -> R66,69.301900,76.860900,76.279850,-0.581050,-12.785500,-12.816608,-0.031108,1480703.000000,1556798.544422,76095.544422
T98 -> R52,238.816500,87.607300,87.928146,0.320846,-25.903000,-24.563760,1.339240,74019.560000,102837.288537,28817.728537
T165 -> R193,748.986000,97.535500,97.864109,0.328609,-32.423600,-33.345763,-0.922163,16509.080000,13645.208603,-2863.871397
T114 -> R159,907.864500,99.206400,99.131904,-0.074496,-37.465400,-35.369727,2.095673,5171.570000,8463.186018,3291.616018
T106 -> R82,560.128300,95.011700,95.173089,0.161389,-31.251000,-31.513201,-0.262201,21624.340000,21238.312860,-386.027140
T170 -> R42,876.370300,98.899700,99.547822,0.648122,-34.802800,-35.854083,-1.051283,9546.616000,7580.041635,-1966.574365
T46 -> R48,305.254900,89.739300,89.553999,-0.185301,-28.388100,-26.640558,1.747542,41790.330000,61552.142731,19761.812731
T25 -> R99,302.981300,89.674300,89.523494,-0.150806,-23.202100,-25.092779,-1.890679,137708.400000,86650.990299,-51057.409701
T68 -> R119,1012.031000,100.149900,100.351468,0.201568,-36.171500,-35.160302,1.011198,6966.317000,8815.115850,1848.798850
T123 -> R57,615.576900,95.831600,96.094710,0.263110,-31.074900,-33.575060,-2.500160,22518.920000,13449.199845,-9069.720155
T21 -> R22,509.782400,94.193700,94.472679,0.278979,-42.726200,-30.560717,12.165483,1540.185000,25674.112661,24133.927661
T50 -> R197,929.263200,99.408800,99.957981,0.549181,-34.987000,-34.596747,0.390253,9150.207000,10430.160931,1279.953931
T26 -> R116,192.056700,85.714600,85.501565,-0.213035,-19.018400,-21.681966,-2.663566,359465.200000,191021.478137,-168443.721863
T10 -> R164,141.677700,83.072000,83.504339,0.432339,-17.403000,-20.321865,-2.918865,519974.800000,274543.333896,-245431.466104
T38 -> R178,489.968400,93.849400,93.910020,0.060620,-34.577900,-29.528840,5.049060,10053.940000,31640.673465,21586.733465
T160 -> R113,894.578400,99.078400,99.078688,0.000288,-33.410100,-34.505867,-1.095767,13155.060000,10257.444994,-2897.615006
T124 -> R129,350.774700,90.946600,91.011048,0.064448,-30.228800,-27.605370,2.623430,27360.040000,50430.166598,23070.126598
T10 -> R82,203.895600,86.234200,86.399379,0.165179,-22.452000,-22.965689,-0.513689,163595.000000,144199.385517,-19395.614483
T1 -> R104,761.130000,97.675200,97.837691,0.162491,-34.344700,-33.475799,0.868901,10608.400000,12611.299485,2002.899485
T168 -> R29,612.818100,95.792600,95.835739,0.043139,-35.565600,-32.150854,3.414746,8009.103000,17414.896920,9405.793920
T85 -> R60,322.680600,90.221500,90.521285,0.299785,-25.055300,-26.880107,-1.824807,89949.650000,61180.530753,-28769.119247
T10 -> R131,494.831200,93.935100,93.704345,-0.230755,-31.917000,-30.127986,1.789014,18550.720000,28405.882222,9855.162222
T83 -> R188,385.311500,91.762200,91.797947,0.035747,-26.194800,-27.601074,-1.406274,69215.370000,46618.119910,-22597.250090
T8 -> R0,434.505100,92.805900,92.895338,0.089438,-27.812000,-28.134163,-0.322163,47713.890000,45923.671221,-1790.218779
T124 -> R78,251.358200,88.051900,88.375362,0.323462,-27.883500,-24.797982,3.085518,46935.960000,98108.271973,51172.311973
T1 -> R136,812.192300,98.239200,98.496115,0.256915,-37.343800,-34.566587,2.777213,5318.392000,9835.345287,4516.953287
T21 -> R45,669.083700,96.555600,96.333898,-0.221702,-36.333200,-33.965101,2.368099,6711.761000,11822.715628,5110.954628
T40 -> R190,541.323000,94.715100,94.808314,0.093214,-27.116400,-29.726107,-2.609707,55993.920000,29455.611562,-26538.308438
T127 -> R11,748.631300,97.531400,97.539016,0.007616,-29.040200,-33.672918,-4.632718,35968.190000,12591.299557,-23376.890443
T140 -> R5,813.979500,98.258300,98.176928,-0.081372,-32.551800,-33.858635,-1.306835,16028.750000,12225.346578,-3803.403422
T141 -> R45,454.838200,93.203100,93.361812,0.158712,-32.979500,-30.463902,2.515598,14525.870000,25398.334445,10872.464445
T73 -> R30,340.462800,90.687400,90.554938,-0.132462,-25.961000,-27.302903,-1.341903,73038.850000,53195.812001,-19843.037999
T141 -> R171,660.902300,96.448700,96.796515,0.347815,-32.070300,-33.100862,-1.030562,17907.650000,14424.823707,-3482.826293
T58 -> R31,198.574900,86.004500,85.958859,-0.045641,-22.565700,-22.799716,-0.234016,159381.700000,153928.022007,-5453.677993
T8 -> R103,745.338500,97.493100,97.666285,0.173185,-36.108400,-33.213936,2.894464,7068.172000,13160.598963,6092.426963
T133 -> R23,169.432300,84.625900,85.244100,0.618200,-20.586100,-21.878066,-1.291966,251019.900000,201950.017206,-49069.882794
T34 -> R181,359.516400,91.160400,90.906832,-0.253568,-26.582500,-26.625000,-0.042500,63311.530000,60053.651530,-3257.878470
T26 -> R115,691.706800,96.844400,96.966221,0.121821,-32.565500,-32.558406,0.007094,15978.550000,14755.246242,-1223.303758
T84 -> R24,891.455700,99.048000,99.340716,0.292716,-33.465800,-35.745546,-2.279746,12987.610000,7705.091066,-5282.518934
T40 -> R29,600.248300,95.612600,95.411581,-0.201019,-35.385500,-32.092446,3.293054,8348.101000,17762.163598,9414.062598
T122 -> R196,182.508500,85.271700,85.402462,0.130762,-20.012100,-20.983178,-0.971078,286311.900000,236745.587479,-49566.312521
T168 -> R115,309.921600,89.871000,89.944877,0.073877,-25.582500,-26.228304,-0.645804,79681.440000,70125.705840,-9555.734160
T73 -> R185,498.295100,93.995700,94.047899,0.052199,-31.574400,-29.351944,2.222456,20073.170000,31219.837136,11146.667136
T93 -> R77,635.681200,96.110800,96.205227,0.094427,-33.093000,-32.825658,0.267342,14151.500000,15992.645140,1841.145140
T148 -> R95,562.682200,95.051300,95.173846,0.122546,-32.547600,-31.538464,1.009136,16044.590000,20014.776260,3970.186260
T162 -> R151,341.754700,90.720300,90.773354,0.053054,-25.749200,-27.356380,-1.607180,76684.660000,54177.341752,-22507.318248
T36 -> R42,843.061300,98.563200,98.675882,0.112682,-34.466100,-36.481981,-2.015881,10316.020000,6350.597407,-3965.422593
T183 -> R197,792.290300,98.023700,98.154255,0.130555,-33.601400,-33.497956,0.103444,12588.260000,13147.667061,559.407061
T70 -> R188,452.560100,93.159500,92.952983,-0.206517,-27.595000,-28.436958,-0.841958,50156.880000,38120.332638,-12036.547362
T90 -> R193,182.414300,85.267200,85.294256,0.027056,-20.115700,-20.758317,-0.642617,279595.700000,260221.398862,-19374.301138
T27 -> R5,364.867100,91.288700,91.634138,0.345438,-25.572700,-27.509407,-1.936707,79861.480000,53136.581130,-26724.898870
T165 -> R13,311.561400,89.916900,90.254724,0.337824,-23.883500,-26.641392,-2.757892,117752.700000,64616.919143,-53135.780857
T93 -> R12,416.938100,92.447400,92.844049,0.396649,-27.690800,-29.145253,-1.454453,49062.790000,34302.254455,-14760.535545
T152 -> R2,919.651600,99.318500,99.234936,-0.083564,-35.126900,-34.307075,0.819825,8860.308000,11203.333699,2343.025699
T186 -> R63,173.349300,84.824400,85.571565,0.747165,-22.064700,-21.963374,0.101326,178809.600000,194370.937067,15561.337067
T83 -> R157,667.730000,96.538000,96.427334,-0.110666,-35.928600,-32.869466,3.059134,7366.901000,14802.428344,7435.527344
T174 -> R0,389.910800,91.865300,92.139216,0.273916,-26.869700,-27.800424,-0.930724,59263.970000,51833.435089,-7430.534911
T25 -> R95,773.047100,97.810100,97.856172,0.046072,-35.307500,-33.385601,1.921899,8499.362000,12924.787819,4425.425819
T71 -> R0,210.956200,86.529800,86.540440,0.010640,-21.512600,-22.905571,-1.392971,202963.200000,152481.444845,-50481.755155
T14 -> R182,568.784200,95.144900,95.168525,0.023625,-34.729300,-31.031845,3.697455,9709.581000,23083.266543,13373.685543
T175 -> R134,522.703600,94.411100,94.683386,0.272286,-27.111500,-31.798274,-4.686774,56057.830000,19113.703761,-36944.126239
T21 -> R171,298.768400,89.552700,89.497924,-0.054776,-25.163700,-25.595217,-0.431517,87734.270000,75739.772831,-11994.497169
T128 -> R120,691.658600,96.843800,96.909614,0.065814,-40.791600,-32.556246,8.235354,2404.496000,16912.526506,14508.030506
T9 -> R105,142.626400,83.130000,83.471940,0.341940,-17.343700,-20.116247,-2.772547,527058.800000,287115.295024,-239943.504976
T125 -> R23,636.682400,96.124500,96.391446,0.266946,-32.119700,-34.200031,-2.080331,17705.200000,11174.257318,-6530.942682
T35 -> R103,281.568100,89.037700,88.731930,-0.305770,-27.646600,-24.442578,3.204022,49564.080000,100056.163989,50492.083989
T96 -> R7,683.728200,96.743700,96.937801,0.194101,-34.903700,-32.426319,2.477381,9327.436000,17650.360696,8322.924696
T85 -> R45,228.183900,87.211700,87.519727,0.308027,-26.981600,-24.043875,2.937725,57757.880000,116986.229826,59228.349826
T148 -> R131,938.639100,99.496000,99.502822,0.006822,-37.479900,-35.647370,1.832530,5154.384000,8145.166493,2990.782493
T76 -> R55,472.473400,93.533500,93.630244,0.096744,-31.978100,-30.815727,1.162373,18292.020000,23199.507630,4907.487630
T28 -> R179,45.349600,73.177500,73.562170,0.384670,-7.463500,-8.992375,-1.528875,4759363.000000,3038650.283565,-1720712.716435
T139 -> R57,698.253700,96.926300,96.998429,0.072129,-32.170200,-34.294880,-2.124680,17500.400000,11429.137083,-6071.262917
T56 -> R18,204.214700,86.247700,86.038843,-0.208857,-23.803900,-22.950837,0.853063,119926.800000,147733.142329,27806.342329
T124 -> R193,627.692500,96.000900,96.174313,0.173413,-30.888000,-31.271066,-0.383066,23508.720000,22053.095716,-1455.624284
T34 -> R0,743.141400,97.467400,97.281962,-0.185438,-32.478300,-32.438831,0.039469,16302.540000,16097.818448,-204.721552
T128 -> R41,61.747400,75.858400,75.454452,-0.403948,-10.337400,-11.964811,-1.627411,2553324.000000,1851496.092892,-701827.907108
T59 -> R3,365.342300,91.300000,91.309818,0.009818,-31.852700,-27.283648,4.569052,18827.620000,55585.736295,36758.116295
T175 -> R121,525.657700,94.460100,94.741425,0.281325,-29.468700,-31.489336,-2.020636,32590.520000,20141.913009,-12448.606991
T37 -> R147,1001.313100,100.057400,100.081737,0.024337,-37.345900,-35.359562,1.986338,5315.914000,8572.146943,3256.232943
T47 -> R11,718.953300,97.180000,97.060010,-0.119990,-28.688400,-32.742638,-4.054238,39001.010000,15203.112017,-23797.897983
T128 -> R177,545.062400,94.774900,94.815438,0.040538,-30.593200,-30.737300,-0.144100,25159.170000,24806.956030,-352.213970
T140 -> R185,724.548500,97.247300,97.636752,0.389452,-34.827600,-33.372514,1.455086,9492.369000,13833.040003,4340.671003
T43 -> R147,457.139600,93.247000,93.653081,0.406081,-30.532400,-29.683449,0.848951,25513.620000,31893.655622,6380.035622
T1 -> R121,647.748000,96.274100,96.226908,-0.047192,-31.284400,-32.802280,-1.517880,21458.610000,14584.857207,-6873.752793
T118 -> R190,173.908500,84.852400,85.162709,0.310309,-17.179800,-20.937840,-3.758040,547144.300000,241153.627889,-305990.672111
T118 -> R101,641.733600,96.193100,96.246855,0.053755,-30.946700,-31.800221,-0.853521,23193.040000,19287.810808,-3905.229192
T183 -> R100,300.610800,89.606100,89.442345,-0.163755,-23.721800,-25.343714,-1.621914,122208.400000,85478.137836,-36730.262164
T27 -> R53,569.205700,95.151400,95.145090,-0.006310,-33.237300,-32.497215,0.740085,13688.870000,16789.238602,3100.368602
T110 -> R64,220.991600,86.933500,87.358580,0.425080,-23.311000,-24.251591,-0.940591,134305.900000,114632.981049,-19672.918951
T112 -> R57,129.146100,82.267600,82.530421,0.262821,-17.436600,-19.305618,-1.869018,516009.800000,402246.123275,-113763.676725
T174 -> R53,226.269000,87.138500,87.475050,0.336550,-25.213500,-24.006290,1.207210,86737.230000,118309.463696,31572.233696
T102 -> R157,365.784000,91.310500,91.501551,0.191051,-30.698500,-28.024907,2.673593,24556.500000,45283.964167,20727.464167
T58 -> R82,403.684100,92.166800,92.260754,0.093954,-28.403100,-28.254180,0.148920,41647.150000,42090.932352,443.782352
T93 -> R159,857.834400,98.714100,98.857129,0.143029,-36.973000,-34.914099,2.058901,5792.450000,9446.288176,3653.838176
T141 -> R99,73.062400,77.319900,76.890718,-0.429182,-10.497400,-12.751789,-2.254389,2464820.000000,1424287.201493,-1040532.798507
T43 -> R159,646.672900,96.259700,96.137985,-0.121715,-34.517900,-32.705418,1.812482,10193.730000,15202.762607,5009.032607
T59 -> R147,495.107900,93.940000,94.343365,0.403365,-31.226000,-30.712804,0.513196,21749.120000,25752.809314,4003.689314
T36 -> R53,405.853000,92.213400,92.508455,0.295055,-30.297300,-29.784627,0.512673,26931.990000,30011.471853,3079.481853
T15 -> R5,376.177200,91.553800,91.924379,0.370579,-25.838500,-27.821371,-1.982871,75125.300000,49673.836516,-25451.463484
T130 -> R103,147.704300,83.433900,83.917970,0.484070,-22.023100,-19.764463,2.258637,180522.900000,301990.436633,121467.536633
T102 -> R99,199.531800,86.046200,86.223075,0.176875,-19.546800,-22.353630,-2.806830,318512.700000,164744.060395,-153768.639605
T114 -> R72,227.380400,87.181100,87.575655,0.394555,-24.992000,-24.357504,0.634496,91268.030000,110826.507115,19558.477115
T50 -> R159,660.498400,96.443400,96.262827,-0.180573,-34.701800,-32.758030,1.943770,9771.372000,14991.828719,5220.456719
T34 -> R171,785.900800,97.953400,97.935951,-0.017449,-33.575700,-33.746591,-0.170891,12663.050000,11808.369748,-854.680252
T47 -> R143,359.878800,91.169100,91.142681,-0.026419,-24.701800,-27.511046,-2.809246,97564.460000,51525.144257,-46039.315743
T154 -> R12,514.852400,94.279700,94.205330,-0.074370,-29.525600,-30.584059,-1.058459,32166.420000,25980.317640,-6186.102360
T118 -> R19,266.533800,88.561000,88.565295,0.004295,-23.558000,-24.826538,-1.268538,126896.200000,93388.914806,-33507.285194
T93 -> R48,13.666600,62.759200,69.660095,6.900895,4.145900,-5.470973,-9.616873,36941440.000000,6730579.510473,-30210860.489527
T176 -> R142,156.294400,83.924900,84.485776,0.560876,-20.112700,-21.049946,-0.937246,279789.600000,231679.078707,-48110.521293
T110 -> R91,278.018700,88.927500,89.166445,0.238945,-24.559500,-25.104029,-0.544529,100807.700000,87318.997587,-13488.702413
T139 -> R64,815.349600,98.272900,98.238192,-0.034708,-34.669100,-35.348077,-0.678977,9845.157000,8754.474584,-1090.682416
T122 -> R100,200.520300,86.089200,86.352709,0.263509,-20.181900,-22.222282,-2.040382,275388.000000,165376.653443,-110011.346557
T36 -> R3,559.780600,95.006400,94.904322,-0.102078,-35.560700,-29.799725,5.760975,8018.227000,30578.267215,22560.040215
T186 -> R171,518.339800,94.338300,94.385620,0.047320,-29.958200,-30.725770,-0.767570,29118.460000,25046.075045,-4072.384955
T76 -> R120,730.692100,97.320700,97.191735,-0.128965,-41.268500,-32.944347,8.324153,2154.452000,14619.891663,12465.439663
T112 -> R143,600.062700,95.609900,95.766083,0.156183,-29.152000,-32.118595,-2.966595,35054.250000,18671.257207,-16382.992793
T25 -> R78,657.112300,96.398800,96.587390,0.188590,-36.236400,-32.957803,3.278597,6862.953000,13912.278433,7049.325433
T36 -> R60,495.483600,93.946600,93.968869,0.022269,-28.788200,-31.406426,-2.618226,38115.080000,21677.148837,-16437.931163
T133 -> R5,777.928500,97.864800,97.802947,-0.061853,-32.158100,-33.557202,-1.399102,17549.250000,13031.309006,-4517.940994
T186 -> R136,416.134500,92.430700,92.359772,-0.070928,-31.533100,-29.250988,2.282112,20264.840000,34975.175790,14710.335790
T122 -> R109,569.599400,95.157400,95.265148,0.107748,-28.548800,-31.048634,-2.499834,40273.900000,22026.323502,-18247.576498
T10 -> R177,337.021500,90.599100,90.568418,-0.030682,-26.411300,-26.035745,0.375555,65853.630000,71825.602924,5971.972924
T108 -> R62,380.887900,91.661900,91.815568,0.153668,-26.357300,-28.538082,-2.180782,66676.470000,41859.020499,-24817.449501
T47 -> R178,492.313300,93.890800,93.963487,0.072687,-34.619400,-29.522016,5.097384,9958.376000,30945.969384,20987.593384
T27 -> R113,716.715000,97.152900,97.345971,0.193071,-31.483600,-32.688141,-1.204541,20497.070000,14317.428319,-6179.641681
T76 -> R12,732.381100,97.340700,97.458281,0.117581,-32.589100,-32.997372,-0.408272,15891.750000,15528.091953,-363.658047
T17 -> R72,77.604100,77.843700,77.338876,-0.504824,-15.549000,-13.823681,1.725319,793093.400000,1081709.432503,288616.032503
T92 -> R104,668.477200,96.547700,96.478321,-0.069379,-33.216800,-32.248866,0.967934,13753.650000,17541.677772,3788.027772
T111 -> R177,475.650100,93.591700,93.699027,0.107327,-29.408800,-29.554310,-0.145510,33042.500000,32146.087647,-896.412353
T160 -> R62,874.831600,98.884500,99.105147,0.220647,-33.588000,-35.544842,-1.956842,12627.320000,8167.973084,-4459.346916
T152 -> R115,718.561700,97.175300,97.024519,-0.150781,-32.896500,-32.952019,-0.055519,14806.230000,15037.902572,231.672572
T97 -> R52,824.770100,98.372700,98.455610,0.082910,-36.678600,-36.024254,0.654346,6198.679000,7438.720782,1240.041782
T146 -> R197,979.233500,99.863700,99.998243,0.134543,-35.442100,-34.893104,0.548996,8240.034000,9509.254915,1269.220915
T152 -> R60,331.322800,90.451000,90.618275,0.167275,-25.285500,-27.228756,-1.943256,85311.530000,54860.727802,-30450.802198
T37 -> R77,394.076100,91.957600,92.349909,0.392309,-28.936400,-28.611200,0.325200,36837.650000,39395.545606,2557.895606
T68 -> R23,603.125000,95.654100,95.585433,-0.068667,-31.649100,-31.779658,-0.130558,19730.900000,18516.924915,-1213.975085
T59 -> R44,298.808900,89.553900,89.461120,-0.092780,-25.715400,-26.281612,-0.566212,77282.910000,67330.408819,-9952.501181
T59 -> R0,390.354100,91.875200,91.935639,0.060439,-26.879600,-27.660449,-0.780849,59129.310000,51161.194130,-7968.115870
T163 -> R173,313.194500,89.962300,90.499282,0.536982,-27.354800,-26.360222,0.994578,53005.740000,70386.051269,17380.311269
T97 -> R31,716.089800,97.145300,97.309286,0.163986,-33.728700,-34.025460,-0.296760,12224.900000,11821.455991,-403.444009
T83 -> R80,730.045700,97.313000,97.399336,0.086336,-35.781500,-33.941476,1.840024,7620.695000,11962.105435,4341.410435
T9 -> R169,803.017800,98.140500,98.119863,-0.020637,-34.657900,-34.358900,0.299000,9870.610000,10528.746646,658.136646
T58 -> R65,622.858300,95.933800,96.101603,0.167803,-30.790700,-32.668535,-1.877835,24041.070000,15245.788455,-8795.281545
T186 -> R109,569.472000,95.155400,95.326495,0.171095,-28.546800,-31.905307,-3.358507,40291.940000,17936.728576,-22355.211424
T107 -> R2,664.773800,96.499500,96.810322,0.310822,-32.306700,-32.300329,0.006371,16959.330000,17903.902730,944.572730
T35 -> R101,389.763000,91.862000,92.125723,0.263723,-26.609700,-27.338161,-0.728461,62916.540000,52669.301788,-10247.238212
T81 -> R147,1060.590800,100.557000,100.485114,-0.071886,-37.845500,-35.995230,1.850270,4738.246000,7435.058818,2696.812818
T149 -> R99,671.020900,96.580700,96.441895,-0.138805,-30.125000,-32.407190,-2.282190,28021.720000,16491.327462,-11530.392538
T69 -> R178,716.761600,97.153500,97.090663,-0.062837,-37.882900,-32.787906,5.094994,4697.671000,15139.648250,10441.977250
T94 -> R193,689.345700,96.814700,96.868187,0.053487,-31.702400,-31.898435,-0.196035,19490.300000,18372.086478,-1118.213522
T8 -> R119,538.658500,94.672300,94.344140,-0.328160,-30.691200,-30.927001,-0.235801,24597.820000,23153.139232,-1444.680768
T88 -> R66,661.803000,96.460600,96.642495,0.181895,-32.605600,-33.489045,-0.883445,15831.560000,13636.081847,-2195.478153
T149 -> R44,634.179200,96.090200,96.426758,0.336558,-32.260800,-33.416227,-1.155427,17139.340000,12779.426584,-4359.913416
T149 -> R164,383.442200,91.720000,91.830130,0.110130,-26.118700,-28.127577,-2.008877,70438.230000,44815.040495,-25623.189505
T84 -> R41,929.823400,99.414000,99.393030,-0.020970,-34.275700,-37.015074,-2.739374,10778.300000,5634.261482,-5144.038518
T74 -> R190,921.615900,99.337000,99.806793,0.469793,-31.743800,-34.791582,-3.047782,19305.360000,9856.740949,-9448.619051
T165 -> R13,311.561400,89.916900,90.254724,0.337824,-23.883500,-26.641392,-2.757892,117752.700000,64616.919143,-53135.780857
T36 -> R129,865.494000,98.791300,98.933480,0.142180,-38.077000,-34.192103,3.884897,4492.345000,10822.187865,6329.842865
T83 -> R120,11.440100,61.214600,69.320978,8.106378,-3.585100,-5.258675,-1.673575,10481600.000000,7115513.039960,-3366086.960040
T154 -> R52,771.691700,97.794900,98.079157,0.284257,-36.100700,-34.875847,1.224853,7080.826000,9901.217267,2820.391267
T49 -> R180,1170.719400,101.415100,101.434935,0.019835,-37.084400,-36.897656,0.186744,5645.743000,6265.845204,620.102204
T17 -> R55,18.870100,65.561500,70.737360,5.175860,-1.809700,-6.909804,-5.100104,14610170.000000,4451458.726831,-10158711.273169
T128 -> R95,181.304100,85.214100,85.696208,0.482108,-22.689500,-21.767796,0.921704,154911.800000,187724.782985,32812.982985
T130 -> R91,630.639100,96.041600,96.096128,0.054528,-31.685900,-32.119512,-0.433612,19564.490000,17765.687912,-1798.802088
T59 -> R39,200.324800,86.080700,86.091488,0.010788,-22.609600,-22.826937,-0.217337,157781.100000,154091.976370,-3689.123630
T98 -> R44,575.722500,95.250300,95.302563,0.052263,-31.420300,-32.924984,-1.504684,20797.890000,14485.619514,-6312.270486
T67 -> R78,707.945100,97.046000,97.194561,0.148561,-36.883800,-33.624176,3.259624,5912.675000,12530.054865,6617.379865
T154 -> R99,184.372200,85.359900,85.956551,0.596651,-18.852200,-21.687585,-2.835385,373398.200000,190131.361353,-183266.838647
T154 -> R157,212.667100,86.600000,86.857595,0.257595,-25.980800,-23.345289,2.635511,72707.190000,139022.470759,66315.280759
T33 -> R22,570.414500,95.169800,95.015176,-0.154624,-43.702400,-31.227641,12.474759,1230.153000,21913.060218,20682.907218
T43 -> R119,787.891400,97.975300,98.027582,0.052282,-33.996300,-33.273191,0.723109,11494.560000,12904.612283,1410.052283
T36 -> R30,300.779600,89.611000,89.519649,-0.091351,-24.881500,-26.309233,-1.427733,93616.270000,67955.154782,-25661.115218
T50 -> R24,603.873900,95.664900,95.500109,-0.164791,-30.080400,-31.785552,-1.705152,28310.760000,18866.179923,-9444.580077
T114 -> R101,138.547100,82.877900,83.021037,0.143137,-17.559500,-18.978629,-1.419129,501728.200000,378124.987379,-123603.212621
T176 -> R134,711.285600,97.086900,97.233224,0.146324,-29.791100,-34.036261,-4.245161,30259.740000,11265.316325,-18994.423675
T36 -> R101,363.975200,91.267400,91.481371,0.213971,-26.013700,-26.696042,-0.682342,72159.240000,60479.995058,-11679.244942
T14 -> R22,688.809400,96.808000,96.605985,-0.202015,-45.340600,-33.722482,11.618118,843.605100,12516.947822,11673.342722
T9 -> R29,860.548500,98.741500,98.647369,-0.094131,-38.515100,-37.027555,1.487545,4061.314000,5787.454740,1726.140740
T27 -> R182,365.197100,91.296500,91.035324,-0.261176,-30.878800,-26.514791,4.364009,23558.360000,61656.329891,38097.969891
T90 -> R7,802.483800,98.134700,98.200300,0.065600,-36.295200,-33.272154,3.023046,6770.759000,14543.371580,7772.612580
T175 -> R169,931.323200,99.428000,99.517533,0.089533,-35.945700,-35.948007,-0.002307,7337.944000,7119.581753,-218.362247
T38 -> R78,12.609100,62.059700,69.589871,7.530171,2.610500,-5.293714,-7.904214,29955830.000000,6627521.184094,-23328308.815906
T68 -> R19,755.295800,97.608300,97.845587,0.237287,-32.622000,-34.012899,-1.390899,15771.870000,12090.253286,-3681.616714
T154 -> R7,197.389600,85.952500,86.184351,0.231851,-24.097100,-22.909721,1.187379,112112.400000,152054.547546,39942.147546
T87 -> R158,675.891900,96.643500,96.564488,-0.079012,-31.745300,-32.975462,-1.230162,19298.810000,14426.728683,-4872.081317
T135 -> R3,933.762800,99.450700,99.299488,-0.151212,-40.005800,-34.381074,5.624726,2881.392000,10875.951700,7994.559700
T156 -> R48,308.263400,89.824400,90.029047,0.204647,-28.473500,-26.758248,1.715252,40978.030000,61404.272051,20426.242051
T34 -> R53,449.701100,93.104500,93.331719,0.227219,-31.189200,-30.845723,0.343477,21934.120000,24153.296008,2219.176008
T38 -> R31,290.543500,89.310200,89.138645,-0.171555,-25.884200,-26.004178,-0.119978,74340.460000,72636.143255,-1704.316745
T88 -> R22,439.245000,92.900100,93.191752,0.291652,-41.432600,-29.909798,11.522802,2074.593000,28586.333783,26511.740783
T9 -> R136,775.308800,97.835500,98.038394,0.202894,-36.940100,-34.162787,2.777313,5836.501000,10794.056865,4957.555865
T28 -> R82,219.854900,86.888700,86.720864,-0.167836,-23.110000,-23.319212,-0.209212,140650.400000,130797.045666,-9853.354334
T90 -> R82,621.198400,95.910600,95.934920,0.024320,-32.150500,-32.397605,-0.247105,17580.330000,17593.465731,13.135731
T186 -> R20,523.348800,94.421800,94.350289,-0.071511,-27.602400,-30.438196,-2.835796,50071.240000,27764.987009,-22306.252991
T69 -> R150,51.956900,74.358900,73.433095,-0.925805,-8.811100,-8.776822,0.034278,3564433.000000,3125911.294046,-438521.705954
T162 -> R136,797.548900,98.081100,98.118263,0.037163,-37.185800,-34.649494,2.536306,5515.501000,10222.833256,4707.332256
T175 -> R158,566.293700,95.106800,95.418548,0.311748,-30.207300,-32.258390,-2.051090,27495.600000,16834.422918,-10661.177082
T156 -> R161,193.323800,85.771700,86.108145,0.336445,-25.194800,-22.489748,2.705052,87110.160000,169278.562202,82168.402202
T111 -> R44,676.931700,96.656900,96.908988,0.252088,-32.827800,-34.556675,-1.728875,15042.240000,10132.634065,-4909.605935
T61 -> R150,749.337700,97.539500,97.453203,-0.086297,-32.525900,-33.526601,-1.000701,16124.800000,12571.666221,-3553.133779
T118 -> R48,705.061800,97.010500,97.199515,0.189015,-35.664500,-34.845833,0.818667,7828.730000,9591.736180,1763.006180
T128 -> R29,676.835000,96.655700,96.857690,0.201990,-36.428800,-34.633934,1.794866,6565.541000,10036.359624,3470.818624
T58 -> R7,584.445100,95.380900,95.362351,-0.018549,-33.540400,-30.568488,2.971912,12766.380000,25082.943315,12316.563315
T26 -> R181,884.167800,98.976700,99.111061,0.134361,-34.406700,-34.639853,-0.233153,10458.110000,10156.474476,-301.635524
T186 -> R119,402.626900,92.144100,92.195736,0.051636,-28.160100,-28.810284,-0.650184,44041.730000,39280.494908,-4761.235092
T111 -> R5,293.488400,89.397800,89.391269,-0.006531,-23.675200,-25.159062,-1.483862,123524.500000,84511.863181,-39012.636819
T33 -> R65,732.716300,97.344700,97.429308,0.084608,-32.202600,-34.062868,-1.860268,17370.430000,11075.202836,-6295.227164
T4 -> R20,491.581200,93.877900,94.108070,0.230170,-27.057500,-30.214698,-3.157198,56758.480000,28448.617170,-28309.862830
T25 -> R3,959.873800,99.690300,100.282952,0.592652,-40.245400,-37.897361,2.348039,2726.754000,5179.312780,2452.558780
T102 -> R150,770.948500,97.786500,97.846926,0.060426,-32.773000,-34.061276,-1.288276,15233.230000,11612.686550,-3620.543450
T32 -> R180,525.495100,94.457400,94.554475,0.097075,-30.123400,-30.142539,-0.019139,28032.250000,27575.144953,-457.105047
T160 -> R105,243.645800,87.781200,87.966012,0.184812,-22.047200,-23.726197,-1.678997,179527.500000,117457.087012,-62070.412988
T84 -> R12,887.527900,99.009600,99.224438,0.214838,-34.258800,-34.820761,-0.561961,10820.410000,9843.091691,-977.318309
T90 -> R167,808.386200,98.198400,98.176004,-0.022396,-34.050600,-34.301558,-0.250958,11351.670000,10529.096111,-822.573889
T175 -> R42,598.988900,95.594400,95.826180,0.231780,-31.495800,-32.210149,-0.714349,20439.450000,17078.424938,-3361.025062
T14 -> R134,663.037100,96.476800,96.642443,0.165643,-29.180300,-33.205442,-4.025142,34826.670000,13517.312988,-21309.357012
T4 -> R151,412.918800,92.363300,92.061638,-0.301662,-27.395800,-28.241211,-0.845411,52508.090000,43691.916991,-8816.173009
T58 -> R129,703.165600,96.987100,96.890936,-0.096164,-36.272500,-32.811342,3.461158,6806.179000,14846.636558,8040.457558
T110 -> R104,179.993100,85.151100,85.193479,0.042379,-21.793600,-21.175639,0.617961,190286.100000,214484.722891,24198.622891
T75 -> R63,900.778000,99.138400,99.117058,-0.021342,-36.404500,-36.290725,0.113775,6602.435000,6848.644553,246.209553
T141 -> R159,702.050300,96.973400,97.191444,0.218044,-35.231900,-33.854233,1.377667,8648.768000,12304.787513,3656.019513
T128 -> R78,770.493200,97.781400,97.660031,-0.121369,-37.619300,-34.399686,3.219614,4991.586000,10887.998552,5896.412552
T170 -> R104,452.818300,93.164500,93.235126,0.070626,-29.831100,-29.286552,0.544548,29982.320000,33864.019975,3881.699975
T4 -> R120,782.213000,97.912500,98.288520,0.376020,-41.860400,-34.028500,7.831900,1879.982000,11133.258626,9253.276626
T85 -> R31,371.108300,91.436000,91.477293,0.041293,-28.014300,-28.352583,-0.338283,45543.830000,41005.646567,-4538.183433
T32 -> R171,170.936600,84.702700,84.463192,-0.239508,-20.286500,-20.491051,-0.204551,268862.500000,253979.386628,-14883.113372
T56 -> R41,654.275200,96.361200,96.295858,-0.065342,-31.221300,-33.282238,-2.060938,21772.730000,13422.778843,-8349.951157
T38 -> R132,799.999600,98.107800,98.218265,0.110465,-31.394600,-33.770220,-2.375620,20921.430000,11731.541709,-9189.888291
T127 -> R181,669.074100,96.555500,96.715113,0.159613,-31.984300,-32.562654,-0.578354,18265.560000,16470.871232,-1794.688768
T17 -> R132,452.049000,93.149700,93.026736,-0.122964,-26.429800,-28.863845,-2.434045,65574.640000,37783.193052,-27791.446948
T47 -> R182,414.478200,92.396000,92.217274,-0.178726,-31.979100,-27.792744,4.186356,18287.600000,47680.733211,29393.133211
T148 -> R12,639.840200,96.167400,96.290003,0.122603,-31.415100,-33.082142,-1.667042,20822.840000,13874.871935,-6947.968065
T97 -> R157,259.588900,88.331700,88.228919,-0.102781,-27.716100,-24.573226,3.142874,48778.220000,102438.498345,53660.278345
T130 -> R173,982.918100,99.896300,99.813145,-0.083155,-37.296100,-35.998412,1.297688,5377.223000,7378.061004,2000.838004
T108 -> R11,1138.824800,101.175100,101.213639,0.038539,-32.687000,-36.979893,-4.292893,15537.710000,5730.326728,-9807.383272
T144 -> R31,664.622800,96.497500,96.692931,0.195431,-33.080500,-33.971375,-0.890875,14192.030000,11495.480169,-2696.549831
T97 -> R120,915.717000,99.281200,99.313834,0.032634,-43.229200,-35.083138,8.146062,1371.758000,9068.530250,7696.772250
T92 -> R11,305.040400,89.733100,89.694590,-0.038510,-21.214600,-25.908851,-4.694251,217322.000000,71639.351037,-145682.648963
T17 -> R52,611.369100,95.772100,95.618252,-0.153848,-34.077200,-33.231036,0.846164,11282.260000,14037.902368,2755.642368
T50 -> R161,603.025700,95.652700,95.618415,-0.034285,-35.087600,-32.165359,2.922241,8940.868000,17549.511735,8608.643735
T15 -> R147,118.196200,81.498100,81.889729,0.391629,-18.729500,-18.776807,-0.047307,384023.200000,379094.577676,-4928.622324
T46 -> R66,139.160500,82.916300,83.163014,0.246714,-19.009500,-19.643665,-0.634165,360195.400000,339924.447441,-20270.952559
T112 -> R119,858.754600,98.723400,98.777030,0.053630,-34.744600,-34.672251,0.072349,9675.492000,10271.965531,596.473531
T174 -> R177,445.225100,93.017600,93.065362,0.047762,-28.834000,-29.106279,-0.272279,37715.860000,37470.872223,-244.987777
T111 -> R95,765.360400,97.723300,97.764215,0.040915,-35.220700,-33.874687,1.346013,8670.967000,12250.707692,3579.740692
T51 -> R190,289.017400,89.264500,89.232943,-0.031557,-21.644600,-24.631923,-2.987323,196909.000000,99183.041214,-97725.958786
T93 -> R42,350.973500,90.951500,91.186141,0.234641,-26.847000,-27.864929,-1.017929,59573.430000,46912.292813,-12661.137187
T34 -> R5,596.433700,95.557200,95.348010,-0.209190,-29.848700,-30.344583,-0.495883,29861.130000,26914.068744,-2947.061256
T144 -> R181,406.889000,92.235500,92.403847,0.168347,-27.659700,-28.223027,-0.563327,49415.570000,44907.506371,-4508.063629
T186 -> R7,117.814300,81.470000,81.362622,-0.107378,-19.583900,-18.151830,1.432070,315818.400000,411543.377605,95724.977605
T76 -> R169,385.952200,91.776700,91.923830,0.147130,-28.289100,-28.242700,0.046400,42753.790000,41943.591369,-810.198631
T160 -> R129,857.338400,98.709000,98.646189,-0.062811,-37.994700,-34.843109,3.151591,4578.227000,9648.698883,5070.471883
T32 -> R101,431.032600,92.736200,92.848026,0.111826,-27.485600,-28.234396,-0.748796,51435.080000,43881.305201,-7553.774799
T14 -> R31,419.038100,92.491100,92.817152,0.326052,-29.070900,-29.833257,-0.762357,35714.950000,31228.405235,-4486.544765
T49 -> R153,418.608500,92.482200,92.862844,0.380644,-27.728100,-29.270644,-1.542544,48643.390000,35008.411659,-13634.978341
T141 -> R60,530.114700,94.533400,94.699574,0.166174,-29.375700,-31.622855,-2.247155,33295.020000,19586.100264,-13708.919736
T98 -> R60,225.234700,87.098700,87.467464,0.368764,-21.918200,-24.229839,-2.311639,184922.200000,113285.243134,-71636.956866
T163 -> R24,411.441300,92.332200,92.646719,0.314519,-26.742700,-29.262730,-2.520030,61020.300000,36138.812992,-24881.487008
T127 -> R54,210.228200,86.499800,87.025127,0.525327,-24.528300,-23.862592,0.665708,101534.500000,127157.601905,25623.101905
T75 -> R196,317.470000,90.080100,90.073505,-0.006595,-24.849400,-25.621244,-0.771844,94309.840000,80012.955981,-14296.884019
T88 -> R188,747.308600,97.516000,97.589251,0.073251,-31.956200,-32.845980,-0.889780,18384.170000,14962.494451,-3421.675549
T114 -> R55,202.633900,86.180200,86.666841,0.486641,-24.612500,-23.548093,1.064407,99587.250000,136031.850895,36444.600895
T51 -> R7,762.884900,97.695200,97.748771,0.053571,-35.855500,-33.358913,2.496587,7491.992000,13673.719381,6181.727381
T93 -> R103,631.345600,96.051300,96.046293,-0.005007,-34.666300,-31.804565,2.861735,9851.464000,19299.495458,9448.031458
T133 -> R52,749.231100,97.538300,97.696259,0.157959,-35.844000,-35.150913,0.693087,7511.787000,9256.845124,1745.058124
T67 -> R5,930.374900,99.419200,99.653077,0.233877,-33.713300,-35.518998,-1.805698,12268.240000,8463.576938,-3804.663062
T97 -> R181,98.448700,79.910200,79.709965,-0.200235,-15.213000,-15.477329,-0.264329,855952.200000,815730.425820,-40221.774180
T88 -> R19,383.911600,91.730600,91.918563,0.187963,-26.737500,-28.481750,-1.744250,61093.630000,40087.040649,-21006.589351
T186 -> R65,640.633100,96.178200,96.675578,0.497378,-31.035300,-32.905812,-1.870512,22724.990000,14552.934038,-8172.055962
T183 -> R2,745.150900,97.490900,97.528589,0.037689,-33.298600,-32.913200,0.385400,13497.150000,14450.722261,953.572261
T112 -> R167,346.681200,90.844600,91.038440,0.193840,-26.689200,-27.336086,-0.646886,61775.540000,51465.593456,-10309.946544
T118 -> R77,376.036100,91.550600,91.419439,-0.131161,-28.528800,-28.036381,0.492419,40459.470000,46754.893630,6295.423630
T112 -> R48,840.544100,98.537200,98.503044,-0.034156,-37.191600,-36.196607,0.994993,5508.168000,7095.642784,1587.474784
T51 -> R48,886.732100,99.001800,99.138285,0.136485,-37.656300,-36.809219,0.847081,4949.247000,5960.769913,1011.522913
T112 -> R167,346.681200,90.844600,91.038440,0.193840,-26.689200,-27.336086,-0.646886,61775.540000,51465.593456,-10309.946544
T135 -> R22,1000.286500,100.048500,99.867519,-0.180981,-48.581200,-36.120749,12.460451,400.023200,6999.359020,6599.335820
T152 -> R131,633.390500,96.079400,96.441597,0.362197,-34.062400,-32.971148,1.091252,11320.810000,14876.723020,3555.913020
T172 -> R161,523.248000,94.420100,94.632553,0.212453,-33.854600,-31.303343,2.551257,11875.670000,21366.113980,9490.443980
T98 -> R158,289.856400,89.289700,89.294348,0.004648,-24.378500,-25.735763,-1.357263,105090.800000,79990.409499,-25100.390501
T8 -> R5,882.301700,98.958300,99.122513,0.164213,-33.252300,-36.639297,-3.386997,13641.880000,6421.022006,-7220.857994
T133 -> R16,220.707900,86.922400,87.073957,0.151557,-21.531100,-23.594933,-2.063833,202101.100000,127274.786526,-74826.313474
T14 -> R22,688.809400,96.808000,96.605985,-0.202015,-45.340600,-33.722482,11.618118,843.605100,12516.947822,11673.342722
T47 -> R142,344.316400,90.785200,90.655705,-0.129495,-27.006400,-27.000970,0.005430,57428.970000,57888.784483,459.814483
T74 -> R190,921.615900,99.337000,99.806793,0.469793,-31.743800,-34.791582,-3.047782,19305.360000,9856.740949,-9448.619051
T127 -> R16,385.993900,91.777600,91.906149,0.128549,-26.406900,-28.197237,-1.790337,65920.330000,42419.316123,-23501.013877
T128 -> R79,669.389700,96.559600,96.595748,0.036148,-34.753400,-33.106764,1.646636,9655.781000,14795.939382,5140.158382
T81 -> R24,463.715500,93.371000,93.671413,0.300413,-27.783500,-30.443910,-2.660410,48027.420000,25738.715283,-22288.704717
T61 -> R185,693.474700,96.866600,96.775666,-0.090934,-34.446700,-32.017479,2.429221,10362.270000,18129.273788,7767.003788
T108 -> R44,378.498800,91.607300,91.903048,0.295748,-27.773200,-28.757137,-0.983937,48141.790000,38001.490022,-10140.299978
T127 -> R103,125.155700,81.995000,82.376898,0.381898,-20.573600,-18.204562,2.369038,251740.500000,447646.531015,195906.031015
T154 -> R188,733.031300,97.348400,97.812447,0.464047,-31.788600,-33.482958,-1.694358,19107.520000,13415.198033,-5692.321967
T27 -> R62,722.854800,97.227000,97.247892,0.020892,-31.929600,-34.116079,-2.186479,18497.050000,11107.369815,-7389.680185
T186 -> R19,380.968800,91.663800,91.673866,0.010066,-26.670500,-28.117061,-1.446561,62042.120000,46902.105903,-15140.014097
T15 -> R80,639.099400,96.157400,96.262810,0.105410,-34.625500,-32.852242,1.773258,9944.326000,14234.625152,4290.299152
T110 -> R41,605.538000,95.688800,95.854239,0.165439,-30.548300,-33.729462,-3.181162,25420.170000,12252.430080,-13167.739920
T154 -> R188,733.031300,97.348400,97.812447,0.464047,-31.788600,-33.482958,-1.694358,19107.520000,13415.198033,-5692.321967
T168 -> R79,633.355600,96.078900,96.217726,0.138826,-34.272600,-32.784725,1.487875,10785.960000,15096.175538,4310.215538
T176 -> R78,296.753900,89.493900,89.337044,-0.156856,-29.327500,-25.599445,3.728055,33666.590000,83959.435389,50292.845389
T123 -> R5,564.236100,95.075200,95.585930,0.510730,-29.366200,-32.491170,-3.124970,33368.390000,16725.791392,-16642.598608
T183 -> R80,710.103500,97.072400,97.475361,0.402961,-35.540900,-33.254049,2.286851,8054.798000,13675.599014,5620.801014
T94 -> R45,735.960500,97.383100,97.688650,0.305550,-37.160800,-35.114660,2.046140,5547.273000,9228.613404,3681.340404
T145 -> R196,679.889600,96.694800,97.188146,0.493346,-31.475200,-32.424855,-0.949655,20536.700000,17517.333070,-3019.366930
T133 -> R2,843.804000,98.570800,98.464974,-0.105826,-34.379000,-33.622835,0.756165,10525.070000,13156.532865,2631.462865
T26 -> R104,683.722200,96.743600,96.840933,0.097333,-33.412800,-32.284701,1.128099,13147.010000,15596.288848,2449.278848
T93 -> R3,792.748100,98.028700,98.064257,0.035557,-38.583600,-32.950621,5.632979,3997.729000,15901.724197,11903.995197
T34 -> R29,340.119300,90.678600,90.901070,0.222470,-30.448900,-27.510938,2.937962,26008.780000,51695.119534,25686.339534
T145 -> R197,914.432800,99.269000,99.480273,0.211273,-34.847300,-34.380169,0.467131,9449.461000,10742.180366,1292.719366
T174 -> R45,743.750100,97.474500,98.059952,0.585452,-37.252300,-34.133547,3.118753,5431.674000,10884.171879,5452.497879
T46 -> R132,521.425200,94.389800,94.491718,0.101918,-27.672300,-30.658123,-2.985823,49272.010000,25021.664599,-24250.345401
T133 -> R197,405.751700,92.211200,92.263713,0.052513,-27.783600,-27.468450,0.315150,48026.410000,52883.573516,4857.163516
T123 -> R138,299.577800,89.576200,89.548140,-0.028060,-28.871400,-26.349094,2.522306,37392.390000,68405.254396,31012.864396
T172 -> R166,109.623500,80.844100,80.450171,-0.393929,-15.867400,-16.562910,-0.695510,737741.300000,589624.704729,-148116.595271
T69 -> R52,634.172700,96.090100,96.129072,0.038972,-34.395400,-32.961331,1.434069,10485.330000,14199.689379,3714.359379
T33 -> R131,295.909700,89.469200,89.209583,-0.259617,-27.446100,-25.288070,2.158030,51904.810000,83379.682473,31474.872473
T50 -> R91,546.963500,94.805200,94.691611,-0.113589,-30.448500,-30.891538,-0.443038,26011.300000,24510.034133,-1501.265867
T145 -> R95,215.421600,86.711800,87.199321,0.487521,-24.194000,-22.982443,1.211557,109642.900000,140688.387234,31045.487234
T146 -> R72,481.556700,93.698900,93.922788,0.223888,-31.520600,-30.627412,0.893188,20323.400000,25485.947233,5162.547233
T125 -> R99,719.661000,97.188600,97.235845,0.047245,-30.733400,-32.906587,-2.173187,24360.340000,15190.711425,-9169.628575
T168 -> R41,910.519700,99.231800,99.828557,0.596757,-34.093400,-36.390315,-2.296915,11240.250000,6685.202141,-4555.047859
T17 -> R132,452.049000,93.149700,93.026736,-0.122964,-26.429800,-28.863845,-2.434045,65574.640000,37783.193052,-27791.446948
T96 -> R179,435.951900,92.834800,93.144311,0.309511,-27.830000,-28.984812,-1.154812,47517.240000,35781.941467,-11735.298533
T43 -> R64,631.604600,96.054900,96.195024,0.140124,-32.450100,-33.004480,-0.554380,16408.510000,14303.118683,-2105.391317
T76 -> R153,259.348600,88.323700,88.359028,0.035328,-23.557900,-24.464512,-0.906612,126899.700000,104069.926308,-22829.773692
T122 -> R65,439.187500,92.899000,92.965900,0.066900,-27.752200,-29.793136,-2.040936,48374.390000,30421.765323,-17952.624677
T139 -> R138,656.048600,96.384700,96.617603,0.232903,-35.684400,-33.017585,2.666815,7793.054000,15350.099210,7557.045210
T35 -> R169,543.218500,94.745500,94.915294,0.169794,-31.261100,-31.194091,0.067009,21574.130000,22441.896249,867.766249
T75 -> R22,91.591000,79.283100,78.998357,-0.284743,-27.808600,-15.173659,12.634941,47751.200000,879937.330496,832186.130496
T160 -> R182,265.887000,88.539900,89.036637,0.496737,-28.119100,-24.641637,3.477463,44459.300000,102149.207314,57689.907314
T38 -> R158,89.114700,79.045000,78.537206,-0.507794,-13.979300,-14.247865,-0.268565,1131697.000000,982302.713121,-149394.286879
T21 -> R11,640.632300,96.178200,95.859239,-0.318961,-27.685000,-31.528447,-3.843447,49128.760000,20533.439477,-28595.320523
T183 -> R115,682.272700,96.725200,96.841244,0.116044,-32.446100,-33.333364,-0.887264,16423.620000,12752.646432,-3670.973568
T87 -> R143,348.356800,90.886500,90.973429,0.086929,-24.418200,-27.423693,-3.005493,104137.000000,56733.245280,-47403.754720
T144 -> R155,318.538300,90.109200,90.316664,0.207464,-26.245800,-26.814449,-0.568649,68409.010000,59509.350628,-8899.659372
T148 -> R131,938.639100,99.496000,99.502822,0.006822,-37.479900,-35.647370,1.832530,5154.384000,8145.166493,2990.782493
T108 -> R142,528.502800,94.506900,94.696724,0.189824,-30.733200,-31.121996,-0.388796,24361.450000,22677.646204,-1683.803796
T88 -> R78,366.785400,91.334200,91.358685,0.024485,-31.169600,-27.373635,3.795965,22033.330000,54166.430897,32133.100897
T107 -> R23,557.340100,94.968400,95.298913,0.330513,-30.962800,-32.958685,-1.995885,23107.150000,14795.683990,-8311.466010
T1 -> R12,509.088500,94.181900,94.337184,0.155284,-29.427700,-29.985395,-0.557695,32899.340000,30189.438642,-2709.901358
T128 -> R104,802.185200,98.131500,98.114757,-0.016743,-34.801200,-33.870415,0.930785,9550.149000,12019.012102,2468.863102
T127 -> R147,626.800300,95.988600,96.210109,0.221509,-33.275800,-32.775395,0.500405,13568.180000,16289.312641,2721.132641
T123 -> R197,592.277500,95.496500,95.432709,-0.063791,-31.072800,-30.503290,0.569510,22529.860000,26280.722119,3750.862119
T98 -> R159,311.496300,89.915100,89.913144,-0.001956,-28.168200,-26.385366,1.782834,43959.280000,68509.847978,24550.567978
T90 -> R151,519.268800,94.353800,94.537723,0.183923,-29.389300,-31.055998,-1.666698,33191.410000,23497.896597,-9693.513403
T84 -> R24,891.455700,99.048000,99.340716,0.292716,-33.465800,-35.745546,-2.279746,12987.610000,7705.091066,-5282.518934
T25 -> R57,849.567100,98.630000,98.605614,-0.024386,-33.874800,-35.729390,-1.854590,11820.510000,7883.167805,-3937.342195
T126 -> R166,658.524600,96.417400,96.549850,0.132450,-31.548700,-32.998949,-1.450249,20192.000000,14829.564965,-5362.435035
T27 -> R185,513.409200,94.255300,94.302958,0.047658,-31.834100,-29.598964,2.235136,18908.330000,31946.487658,13038.157658
T84 -> R136,447.699500,93.065700,93.511951,0.446251,-32.168600,-29.700644,2.467956,17507.200000,32184.245016,14677.045016
T15 -> R193,31.548100,70.025500,71.901517,1.876017,-3.225800,-7.255805,-4.030005,11229850.000000,4331367.440501,-6898482.559499
T139 -> R157,729.987300,97.312300,97.423421,0.111121,-36.703100,-34.124573,2.578527,6163.777000,11676.376398,5512.599398
T35 -> R91,318.052100,90.096000,89.991848,-0.104152,-25.731600,-25.804298,-0.072698,76995.590000,73759.586738,-3236.003262
T126 -> R79,588.067400,95.434500,95.465976,0.031476,-33.628000,-32.088962,1.539038,12511.590000,18531.908930,6020.318930
T110 -> R20,370.070400,91.411700,91.581819,0.170119,-24.584700,-28.035303,-3.450603,100225.800000,43053.345721,-57172.454279
T162 -> R103,717.176600,97.158500,96.955835,-0.202665,-35.773800,-32.893522,2.880278,7634.248000,14531.772108,6897.524108
T83 -> R20,393.396900,91.942600,92.143783,0.201183,-25.117400,-28.675793,-3.558393,88674.630000,38659.004459,-50015.625541
T36 -> R117,575.951400,95.253700,95.066670,-0.187030,-29.309800,-31.394158,-2.084358,33803.840000,20364.713746,-13439.126254
T50 -> R129,848.577200,98.619800,98.773112,0.153312,-37.905500,-34.168959,3.736541,4673.259000,11006.923123,6333.664123
T148 -> R7,786.030600,97.954800,97.889391,-0.065409,-36.115200,-34.103320,2.011880,7057.214000,11403.904329,4346.690329
T25 -> R42,195.538700,85.870700,85.699139,-0.171561,-21.746200,-22.953853,-1.207653,192368.700000,145687.745140,-46680.954860
T118 -> R131,659.852800,96.434900,96.573417,0.138517,-34.418100,-32.519592,1.898508,10430.850000,16945.538118,6514.688118
T17 -> R16,231.117300,87.322600,87.095499,-0.227101,-21.934100,-23.927487,-1.993387,184249.000000,120920.466752,-63328.533248
T149 -> R177,335.621600,90.563000,90.993028,0.430028,-26.375100,-26.801311,-0.426211,66404.760000,61889.975103,-4514.784897
T90 -> R158,551.903400,94.883300,94.869136,-0.014164,-29.983600,-31.356278,-1.372678,28948.850000,21013.775840,-7935.074160
T4 -> R2,526.331600,94.471200,94.478890,0.007690,-30.276900,-29.480222,0.796678,27059.110000,33885.576168,6826.466168
T9 -> R121,603.484400,95.659300,95.431155,-0.228145,-30.669100,-32.065540,-1.396440,24723.280000,17114.880330,-7608.399670
T59 -> R129,367.009600,91.339500,91.319398,-0.020102,-30.622200,-27.085556,3.536644,24991.980000,57446.202083,32454.222083
T125 -> R55,693.448600,96.866300,96.966327,0.100027,-35.312300,-34.630133,0.682167,8490.125000,10512.878672,2022.753672
T123 -> R11,605.021400,95.681400,96.187454,0.506054,-27.187300,-33.483011,-6.295711,55087.980000,13454.818471,-41633.161529
T111 -> R185,692.300300,96.851900,96.986619,0.134719,-34.432000,-32.555161,1.876839,10397.460000,15971.198230,5573.738230
T172 -> R82,481.476100,93.697500,93.967930,0.270430,-29.935600,-30.458528,-0.522928,29270.220000,27182.959400,-2087.260600
T148 -> R105,360.834700,91.192200,91.166725,-0.025475,-25.472900,-26.890036,-1.417136,81714.060000,57943.928088,-23770.131912
T59 -> R63,493.490000,93.911600,93.959088,0.047488,-31.175400,-31.026807,0.148593,22003.860000,22882.399897,878.539897
T40 -> R129,626.635700,95.986300,95.978665,-0.007635,-35.271400,-32.460932,2.810468,8570.411000,16365.428008,7795.017008
T165 -> R159,865.477400,98.791100,98.842768,0.051668,-37.050000,-35.770630,1.279370,5690.585000,7595.309336,1904.724336
T111 -> R2,569.038400,95.148800,95.691866,0.543066,-30.955100,-31.895950,-0.940850,23148.340000,19140.258397,-4008.081603
T25 -> R115,416.038700,92.428700,92.433117,0.004417,-28.145500,-27.728691,0.416809,44190.240000,48808.166946,4617.926946
T88 -> R143,729.205400,97.303000,97.444100,0.141100,-30.846800,-33.506833,-2.660033,23732.810000,13070.800346,-10662.009654
T74 -> R91,304.981900,89.731500,89.630814,-0.100686,-25.366100,-25.376787,-0.010687,83746.180000,83709.159244,-37.020756
T83 -> R142,469.581900,93.480200,93.933564,0.453364,-29.705500,-30.237592,-0.532092,30861.990000,28501.487640,-2360.502360
T140 -> R193,1023.275500,100.245800,100.426925,0.181125,-35.135100,-35.535534,-0.400434,8843.565000,8226.404126,-617.160874
T47 -> R115,265.647500,88.532100,88.286044,-0.246056,-24.239200,-23.946995,0.292205,108509.100000,113608.224632,5099.124632
T38 -> R100,574.558400,95.232700,95.055152,-0.177548,-29.361800,-31.011260,-1.649460,33402.120000,22268.718098,-11133.401902
T163 -> R131,628.726500,96.015200,96.394181,0.378981,-33.998200,-33.108870,0.889330,11489.420000,13927.956149,2438.536149
T81 -> R129,580.564800,95.323000,95.358184,0.035184,-34.607900,-31.381009,3.226891,9984.840000,21302.003696,11317.163696
T172 -> R41,628.926100,96.018000,96.288121,0.270121,-30.877800,-32.595049,-1.717249,23563.950000,15526.675300,-8037.274700
T107 -> R150,607.767500,95.720700,95.894111,0.173411,-30.705800,-32.427025,-1.721225,24515.320000,17399.272923,-7116.047077
T106 -> R153,247.833900,87.929200,87.743785,-0.185415,-23.161600,-24.231435,-1.069835,138994.700000,110008.532757,-28986.167243
T34 -> R60,592.910600,95.505800,95.552136,0.046336,-30.349100,-32.676785,-2.327685,26612.790000,15931.369549,-10681.420451
T15 -> R3,182.183100,85.256200,85.305516,0.049316,-25.800300,-22.113355,3.686945,75789.320000,186647.215754,110857.895754
T168 -> R161,301.030800,89.618200,90.090367,0.472167,-29.049000,-26.263177,2.785823,35894.850000,72114.315544,36219.465544
T59 -> R164,394.151500,91.959300,92.008362,0.049062,-26.358500,-28.509694,-2.151194,66658.160000,39690.532710,-26967.627290
T98 -> R20,167.550300,84.528900,84.724014,0.195114,-17.642900,-21.003863,-3.360963,492269.600000,239081.923390,-253187.676610
T140 -> R161,454.346900,93.193700,93.230225,0.036525,-32.627600,-29.783577,2.844023,15751.700000,29574.831002,13823.131002
T112 -> R180,1031.455100,100.315000,100.570254,0.255254,-35.984100,-36.197159,-0.213059,7273.415000,7096.998066,-176.416934
T26 -> R19,560.037000,95.010300,94.936020,-0.074280,-30.022100,-30.896831,-0.874731,28693.340000,23741.679293,-4951.660707
T168 -> R55,635.600500,96.109700,96.479857,0.370157,-34.555400,-32.955111,1.600289,10106.160000,14273.105608,4166.945608
T47 -> R57,258.429700,88.292800,88.114582,-0.178218,-23.520200,-24.881421,-1.361221,128003.200000,92697.613883,-35305.586117
T15 -> R42,1136.351900,101.156300,101.054216,-0.102084,-37.059900,-39.166175,-2.106275,5677.667000,3965.905016,-1711.761984
T27 -> R39,148.167100,83.461000,83.864441,0.403441,-19.970200,-21.274685,-1.304485,289072.900000,216334.191405,-72738.708595
T174 -> R117,787.868000,97.975100,97.960346,-0.014754,-32.033600,-34.040078,-2.006478,18059.770000,11329.986728,-6729.783272
T172 -> R78,519.427200,94.356500,94.609154,0.252654,-34.193500,-31.228138,2.965362,10984.290000,22475.287123,11490.997123
T9 -> R54,779.820300,97.885900,97.782500,-0.103400,-35.928500,-35.171580,0.756920,7367.129000,9083.054557,1715.925557
T126 -> R105,410.912600,92.321000,92.384938,0.063938,-26.604600,-28.088205,-1.483605,62990.290000,41622.839776,-21367.450224
T51 -> R12,928.751200,99.404000,99.786289,0.382289,-34.653300,-36.673944,-2.020644,9881.022000,6504.663996,-3376.358004
T137 -> R184,612.552700,95.788900,95.966117,0.177217,-30.509200,-31.708470,-1.199270,25650.050000,20224.223786,-5425.826214
T32 -> R20,341.948300,90.725200,90.970203,0.245003,-23.895600,-27.363189,-3.467589,117424.000000,54353.112017,-63070.887983
T97 -> R167,435.626700,92.828300,93.187018,0.358718,-28.676300,-29.516622,-0.840322,39109.090000,31954.053120,-7155.036880
T74 -> R184,883.052100,98.965700,99.294464,0.328764,-33.688100,-34.645532,-0.957432,12339.640000,10078.993917,-2260.646083
T88 -> R39,241.518100,87.705000,87.987815,0.282815,-24.241300,-24.396387,-0.155087,108456.100000,105326.554466,-3129.545534
T50 -> R196,320.611700,90.165600,89.946570,-0.219030,-24.935200,-25.348668,-0.413468,92467.640000,84560.885902,-7906.754098
T128 -> R95,181.304100,85.214100,85.696208,0.482108,-22.689500,-21.767796,0.921704,154911.800000,187724.782985,32812.982985
T175 -> R182,250.807500,88.032800,88.434592,0.401792,-27.611100,-23.929419,3.681681,49970.940000,122664.540341,72693.600341
T96 -> R86,169.571900,84.633100,85.028328,0.395228,-20.817700,-21.665984,-0.848284,238036.300000,209750.098568,-28286.201432
T40 -> R23,300.957800,89.616100,89.554098,-0.062002,-25.602100,-26.117702,-0.515602,79322.950000,71666.447610,-7656.502390
T28 -> R78,199.484400,86.044200,85.882634,-0.161566,-25.871600,-22.563897,3.307703,74555.870000,156397.896996,81842.026996
T94 -> R197,759.131300,97.652300,97.847792,0.195492,-33.229900,-32.660926,0.568974,13712.260000,15713.819863,2001.559863
T76 -> R77,122.373900,81.799800,82.323015,0.523215,-18.726200,-18.835459,-0.109259,384314.000000,437537.346567,53223.346567
T160 -> R150,372.598300,91.470800,91.410603,-0.060197,-26.449800,-28.101369,-1.651569,65273.590000,44759.181703,-20514.408297
T165 -> R116,456.583500,93.236400,93.341132,0.104732,-26.584800,-29.705232,-3.120432,63277.470000,30595.703354,-32681.766646
T96 -> R178,641.956900,96.196100,96.130318,-0.065782,-36.925300,-31.977621,4.947679,5856.377000,17683.008632,11826.631632
T70 -> R101,347.095300,90.855000,90.855933,0.000933,-25.600100,-26.235470,-0.635370,79358.290000,68353.840027,-11004.449973
T87 -> R142,550.677700,94.863900,94.943781,0.079881,-31.090500,-31.187576,-0.097076,22438.220000,22679.823820,241.603820
T160 -> R157,570.952900,95.178000,95.572115,0.394115,-34.568200,-32.441602,2.126598,10076.420000,16093.839208,6017.419208
T110 -> R119,473.420600,93.550900,93.690949,0.140049,-29.568800,-29.682198,-0.113398,31848.110000,29971.999927,-1876.110073
T135 -> R120,993.091100,99.985800,100.027076,0.041276,-43.933800,-36.279887,7.653913,1166.327000,7027.971540,5861.644540
T46 -> R113,455.882200,93.223000,93.231978,0.008978,-27.549200,-28.575746,-1.026546,50688.190000,40080.113337,-10608.076663
T70 -> R3,403.207100,92.156600,92.287523,0.130923,-32.709700,-28.084547,4.625153,15456.590000,45768.296826,30311.706826
T174 -> R158,627.117900,95.993000,96.401635,0.408635,-31.094300,-33.287184,-2.192884,22418.680000,13208.437166,-9210.242834
T43 -> R44,562.453000,95.047700,95.059013,0.011313,-31.217600,-32.204107,-0.986507,21791.170000,17521.317152,-4269.852848
T111 -> R151,459.251100,93.287000,93.418230,0.131230,-28.321100,-30.102710,-1.781610,42440.390000,27446.727120,-14993.662880
T68 -> R60,410.234000,92.306600,92.371805,0.065205,-27.145600,-29.175076,-2.029476,55619.070000,34717.203613,-20901.866387
T97 -> R91,390.282600,91.873600,91.820765,-0.052835,-27.513100,-27.735180,-0.222080,51110.400000,49807.312528,-1303.087472
T10 -> R180,291.732500,89.345700,89.404979,0.059279,-25.002200,-25.055627,-0.053427,91054.130000,88417.328762,-2636.801238
T163 -> R143,771.717800,97.795200,97.979749,0.184549,-31.339300,-34.715037,-3.375737,21189.110000,10106.116615,-11082.993385
T88 -> R22,439.245000,92.900100,93.191752,0.291652,-41.432600,-29.909798,11.522802,2074.593000,28586.333783,26511.740783
T175 -> R159,840.568500,98.537500,98.686729,0.149229,-36.796300,-35.688174,1.108126,6032.881000,7596.923786,1564.042786
T10 -> R62,729.921100,97.311500,97.267889,-0.043611,-32.014200,-34.439933,-2.425733,18140.530000,10619.295329,-7521.234671
T126 -> R6,605.494300,95.688200,96.186637,0.498437,-31.008900,-33.148978,-2.140078,22863.640000,14438.074713,-8425.565287
T81 -> R196,740.936000,97.441600,97.554237,0.112637,-32.222500,-32.297386,-0.074886,17291.060000,17055.440986,-235.619014
T37 -> R44,242.597500,87.743700,87.394195,-0.349505,-23.899200,-24.559289,-0.660089,117327.400000,99814.184887,-17513.215113
T183 -> R109,313.638200,89.974600,89.979313,0.004713,-23.352000,-26.179593,-2.827593,133046.200000,72215.934714,-60830.265286
T9 -> R45,678.407100,96.675800,96.405226,-0.270574,-36.453400,-34.349750,2.103650,6528.526000,10709.896653,4181.370653
T93 -> R66,326.685700,90.328600,90.645998,0.317398,-26.466200,-27.025637,-0.559437,65026.630000,59828.305940,-5198.324060
T140 -> R138,423.917500,92.591600,92.463373,-0.128227,-31.889700,-29.437753,2.451947,18668.050000,31815.373065,13147.323065
T128 -> R155,460.232000,93.305500,93.226247,-0.079253,-29.447400,-29.914073,-0.466673,32750.250000,27899.369723,-4850.880277
T168 -> R41,910.519700,99.231800,99.828557,0.596757,-34.093400,-36.390315,-2.296915,11240.250000,6685.202141,-4555.047859
T67 -> R185,301.368500,89.628000,89.828758,0.200758,-27.201400,-25.551752,1.649648,54910.530000,81931.421140,27020.891140
T1 -> R13,762.045800,97.685600,97.516287,-0.169313,-31.667000,-34.837655,-3.170655,19649.800000,9725.849989,-9923.950011
T156 -> R196,477.504000,93.625500,93.607647,-0.017853,-28.402800,-29.050521,-0.647721,41649.730000,38930.193710,-2719.536290
T85 -> R16,148.751300,83.495200,83.607041,0.111841,-18.067200,-19.876016,-1.808816,446807.900000,318366.391571,-128441.508429
T174 -> R150,193.006300,85.757400,86.076419,0.319019,-20.709500,-22.659969,-1.950469,244017.100000,162724.793801,-81292.306199
T85 -> R16,148.751300,83.495200,83.607041,0.111841,-18.067200,-19.876016,-1.808816,446807.900000,318366.391571,-128441.508429
T112 -> R121,397.695400,92.037000,92.100428,0.063428,-27.042000,-28.172186,-1.130186,56961.260000,43228.302550,-13732.957450
T96 -> R80,86.217000,78.757900,78.172708,-0.585192,-17.144500,-14.622102,2.522398,551563.300000,1065065.664266,513502.364266
T76 -> R101,546.047900,94.790600,94.834620,0.044020,-29.542900,-30.859317,-1.316417,32038.510000,24533.239396,-7505.270604
T35 -> R157,172.081300,84.760700,84.564721,-0.195979,-24.135700,-20.833500,3.302200,111122.000000,231078.412029,119956.412029
T110 -> R109,633.188000,96.076600,96.130622,0.054022,-29.469200,-31.592616,-2.123416,32586.640000,19988.318020,-12598.321980
T148 -> R158,611.268800,95.770600,96.231440,0.460840,-30.871700,-32.951880,-2.080180,23596.780000,14714.952939,-8881.827061
T137 -> R158,419.621000,92.503100,92.497635,-0.005465,-27.600300,-29.096203,-1.495903,50095.910000,34447.778459,-15648.131541
T58 -> R143,789.093700,97.988600,97.967535,-0.021065,-31.532900,-33.874732,-2.341832,20265.890000,11762.908914,-8502.981086
T26 -> R136,737.236200,97.398100,97.475127,0.077027,-36.502600,-33.588552,2.914048,6454.957000,12365.719654,5910.762654
T37 -> R120,927.527100,99.392500,99.524135,0.131635,-43.340500,-34.359837,8.980663,1337.046000,10644.787109,9307.741109
T94 -> R119,744.901500,97.488000,97.593959,0.105959,-33.508700,-33.389063,0.119637,12859.900000,13584.203883,724.303883
T126 -> R113,527.771100,94.494900,94.574035,0.079135,-28.823000,-30.631496,-1.808496,37811.500000,24080.258334,-13731.241666
T50 -> R167,781.152100,97.900700,97.779031,-0.121669,-33.752800,-33.702953,0.049847,12157.170000,12052.450811,-104.719189
T92 -> R138,480.444400,93.678900,94.040029,0.361129,-32.977500,-30.346310,2.631190,14532.630000,27340.780778,12808.150778
T10 -> R166,510.134300,94.199700,93.974728,-0.224972,-29.329000,-30.236120,-0.907120,33655.460000,27004.941249,-6650.518751
T76 -> R134,533.463000,94.588100,94.738462,0.150362,-27.288800,-30.843364,-3.554564,53817.300000,24438.485931,-29378.814069
T102 -> R157,365.784000,91.310500,91.501551,0.191051,-30.698500,-28.024907,2.673593,24556.500000,45283.964167,20727.464167
T34 -> R196,610.679500,95.762300,95.915223,0.152923,-30.542000,-30.596029,-0.054029,25457.620000,24628.620355,-828.999645
T10 -> R142,196.789800,85.926000,85.674078,-0.251922,-22.129400,-22.602957,-0.473557,176171.100000,159722.344806,-16448.755194
T106 -> R188,822.393700,98.347600,98.556784,0.209184,-32.788300,-33.995994,-1.207694,15179.600000,11696.491436,-3483.108564
T14 -> R169,262.345800,88.423500,88.097675,-0.325825,-24.928400,-24.582707,0.345693,92612.290000,97612.478298,5000.188298
T118 -> R153,166.898400,84.495000,84.780584,0.285584,-19.702100,-21.253492,-1.551392,307383.600000,224314.611794,-83068.988206
T33 -> R100,702.615800,96.980400,97.109984,0.129584,-31.111100,-32.567658,-1.456558,22331.770000,14861.063114,-7470.706886
T87 -> R104,463.397800,93.365100,93.438748,0.073648,-30.031900,-29.133015,0.898885,28628.270000,35876.373693,7248.103693
T148 -> R48,944.435300,99.549400,99.582658,0.033258,-38.204000,-36.697514,1.506486,4362.899000,6185.334635,1822.435635
T139 -> R164,612.819900,95.792700,96.069302,0.276602,-30.197800,-32.563068,-2.365268,27556.230000,15982.180747,-11574.049253
T176 -> R78,296.753900,89.493900,89.337044,-0.156856,-29.327500,-25.599445,3.728055,33666.590000,83959.435389,50292.845389
T135 -> R142,569.621600,95.157700,95.465029,0.307329,-31.384500,-32.178339,-0.793839,20970.050000,17904.250940,-3065.799060
T68 -> R31,484.375600,93.749600,94.159198,0.409598,-30.330800,-31.031188,-0.700388,26725.430000,22135.291837,-4590.138163
T139 -> R31,321.520700,90.190200,90.378604,0.188404,-26.766200,-27.202563,-0.436363,60691.370000,54590.740075,-6100.629925
T148 -> R129,936.314600,99.474400,99.475730,0.001330,-38.760200,-35.571145,3.189055,3838.421000,8270.110685,4431.689685
T92 -> R179,286.659400,89.193300,89.366335,0.173035,-24.179100,-25.400184,-1.221084,110018.600000,85301.073543,-24717.526457
T154 -> R179,512.225500,94.235200,94.352438,0.117238,-29.232400,-30.421648,-1.189248,34411.790000,27100.269047,-7311.520953
T149 -> R20,391.613300,91.903100,92.138253,0.235153,-25.077800,-28.625540,-3.547740,89485.490000,40722.143561,-48763.346439
T1 -> R29,925.405200,99.372600,99.380677,0.008077,-39.146300,-37.985121,1.161179,3511.957000,4768.978218,1257.021218
T148 -> R117,46.606000,73.414800,73.539456,0.124656,-6.620500,-9.498009,-2.877509,5684290.000000,2813670.158538,-2870619.841462
T81 -> R82,465.423300,93.403000,93.292044,-0.110956,-29.640700,-29.647522,-0.006822,31325.260000,32159.027399,833.767399
T36 -> R151,423.391400,92.580800,92.936796,0.355996,-27.613800,-28.931509,-1.317709,49940.410000,37712.986422,-12227.423578
T49 -> R197,518.469200,94.340500,94.402254,0.061754,-29.915700,-28.721790,1.193910,29404.570000,36669.845925,7265.275925
T35 -> R89,757.699400,97.635900,97.698937,0.063037,-32.563100,-33.375225,-0.812125,15987.250000,12831.277149,-3155.972851
T145 -> R164,309.845400,89.868900,90.241576,0.372676,-24.261900,-26.488390,-2.226490,107944.400000,64526.668640,-43417.731360
T141 -> R167,379.696200,91.634700,91.845596,0.210896,-27.480900,-28.063589,-0.582689,51490.510000,45280.923616,-6209.586384
T176 -> R60,79.748800,78.080500,78.150979,0.070479,-12.700700,-14.760619,-2.059919,1509135.000000,952297.161486,-556837.838514
T139 -> R79,169.442300,84.626400,85.356286,0.729886,-22.799000,-21.977420,0.821580,151065.600000,192048.442398,40982.842398
T10 -> R82,203.895600,86.234200,86.399379,0.165179,-22.452000,-22.965689,-0.513689,163595.000000,144199.385517,-19395.614483
T186 -> R197,378.671300,91.611200,91.332485,-0.278715,-27.182600,-26.311614,0.870986,55147.990000,73583.376338,18435.386338
T148 -> R151,528.701400,94.510200,94.707125,0.196925,-29.545800,-31.585444,-2.039644,32016.990000,19370.144116,-12646.845884
T133 -> R173,668.790700,96.551800,96.758316,0.206516,-33.950600,-32.962615,0.987985,11616.070000,15055.713446,3439.643446
T108 -> R178,925.638600,99.374800,99.424366,0.049566,-40.104500,-35.250107,4.854393,2816.664000,8788.200013,5971.536013
T168 -> R86,264.795700,88.504200,88.464155,-0.040045,-24.710000,-24.375784,0.334216,97380.430000,106244.284564,8863.854564
T97 -> R77,494.995000,93.938000,93.887000,-0.051000,-30.918800,-30.545674,0.373126,23342.580000,26910.489549,3567.909549
T40 -> R44,511.870200,94.229200,94.410116,0.180916,-30.398400,-31.645608,-1.247208,26312.820000,19641.071812,-6671.748188
T97 -> R12,625.288100,95.967600,96.197075,0.229475,-31.215100,-32.172222,-0.957122,21803.690000,18150.479508,-3653.210492
T92 -> R79,116.071800,81.340500,81.660144,0.319644,-19.487300,-18.257912,1.229388,322884.500000,494282.839298,171398.339298
T9 -> R104,716.840600,97.154400,97.353698,0.199298,-33.823800,-32.995464,0.828336,11960.030000,13636.837400,1676.807400
T34 -> R180,954.584700,99.642300,99.827283,0.184983,-35.311200,-35.398954,-0.087754,8492.180000,8737.109259,244.929259
T10 -> R103,704.715000,97.006300,97.168115,0.161815,-35.621500,-32.853491,2.768009,7906.668000,14041.320258,6134.652258
T36 -> R155,417.720300,92.463700,92.799888,0.336188,-28.604600,-28.881377,-0.276777,39760.310000,38104.695237,-1655.614763
T186 -> R161,223.880700,87.046300,87.648334,0.602034,-26.472800,-23.715179,2.757621,64929.110000,132995.722283,68066.612283
T81 -> R91,401.107200,92.111200,92.002066,-0.109134,-27.751100,-27.799714,-0.048614,48386.730000,49033.887712,647.157712
T145 -> R158,779.608800,97.883500,97.910200,0.026700,-32.986000,-34.625621,-1.639621,14504.250000,10247.877268,-4256.372732
T83 -> R52,104.651100,80.440900,80.462145,0.021245,-18.689400,-16.803811,1.885589,387564.900000,640535.776101,252970.876101
T174 -> R22,749.899100,97.546100,97.672904,0.126804,-46.078700,-33.656750,12.421950,711.755300,12318.684483,11606.929183
T71 -> R164,416.392500,92.436100,92.543804,0.107704,-26.836300,-28.951695,-2.115395,59720.260000,35653.305875,-24066.954125
T156 -> R180,741.302000,97.445900,97.793586,0.347686,-33.114000,-33.853261,-0.739261,14083.150000,12061.748890,-2021.401110
T32 -> R173,432.470600,92.765100,92.759039,-0.006061,-30.161500,-28.485982,1.675518,27787.420000,40438.118131,12650.698131
T27 -> R138,475.596400,93.590800,93.749322,0.158522,-32.889400,-29.629092,3.260308,14830.490000,31367.750163,16537.260163
T170 -> R132,1115.066000,100.992000,101.526152,0.534152,-34.280300,-37.455452,-3.175152,10766.970000,5364.002489,-5402.967511
T73 -> R5,407.983000,92.258800,92.421298,0.162498,-26.545200,-28.296197,-1.750997,63856.100000,43398.156890,-20457.943110
T40 -> R39,392.459100,91.921900,92.266718,0.344818,-28.468400,-29.256500,-0.788100,41025.840000,33926.158680,-7099.681320
T114 -> R196,581.997300,95.344400,95.324662,-0.019738,-30.123700,-30.315048,-0.191348,28029.920000,26940.897062,-1089.022938
T96 -> R188,903.428500,99.163900,99.453342,0.289442,-33.605000,-34.596500,-0.991500,12578.030000,10261.790338,-2316.239662
T1 -> R142,401.994000,92.130400,91.872721,-0.257679,-28.354000,-27.977172,0.376828,42120.380000,48101.019694,5980.639694
T71 -> R39,435.913400,92.834000,93.181089,0.347089,-29.381700,-30.314277,-0.932577,33249.660000,26317.636264,-6932.023736
T111 -> R13,932.677300,99.440600,99.442138,0.001538,-33.423000,-35.122733,-1.699733,13116.210000,8948.321988,-4167.888012
T98 -> R12,703.091000,96.986200,97.083429,0.097229,-32.234400,-32.901020,-0.666620,17243.800000,15699.503887,-1544.296113
T74 -> R157,314.362400,89.994600,90.083240,0.088640,-29.381300,-26.335508,3.045792,33252.180000,68235.724013,34983.544013
T85 -> R39,378.275500,91.602200,91.756276,0.154076,-28.148200,-28.563679,-0.415479,44162.470000,39272.866385,-4889.603615
T160 -> R24,413.613000,92.377900,92.657750,0.279850,-26.788500,-29.285615,-2.497115,60380.530000,35776.678261,-24603.851739
T88 -> R161,469.241300,93.473900,93.672177,0.198277,-32.907900,-30.188023,2.719877,14767.360000,27316.959586,12549.599586
T170 -> R72,769.209100,97.766900,97.898088,0.131188,-35.590400,-33.660779,1.929621,7963.598000,12457.540755,4493.942755
T111 -> R6,134.213200,82.601900,82.930969,0.329069,-17.855400,-19.031230,-1.175830,468950.900000,393013.135501,-75937.764499
T133 -> R116,812.528100,98.242800,98.215024,-0.027776,-31.597700,-33.851530,-2.253830,19965.800000,12293.588083,-7672.211917
T92 -> R136,722.082100,97.217700,97.359238,0.141538,-36.322200,-33.284242,3.037958,6728.769000,13884.953487,7156.184487
T163 -> R136,753.278800,97.585100,97.696672,0.111572,-36.689600,-34.296471,2.393129,6182.913000,11109.955882,4927.042882
T107 -> R184,413.703600,92.379800,92.489668,0.109868,-27.095500,-28.174011,-1.078511,56263.530000,43933.218576,-12330.311424
T174 -> R138,491.631600,93.878800,93.992309,0.113509,-33.177500,-31.091915,2.085585,13878.610000,22524.515408,8645.905408
T75 -> R66,601.546900,95.631400,95.663594,0.032194,-31.775900,-32.324931,-0.549031,19163.170000,16665.940063,-2497.229937
T186 -> R190,649.735900,96.300700,96.218549,-0.082151,-28.704600,-32.061806,-3.357206,38855.380000,18614.248473,-20241.131527
T75 -> R169,742.864500,97.464200,97.418856,-0.045344,-33.981300,-33.522630,0.458670,11534.200000,12552.452683,1018.252683
T40 -> R180,391.685900,91.904800,91.661705,-0.243095,-27.567400,-27.344653,0.222747,50476.390000,51781.320411,1304.930411
T4 -> R42,375.437100,91.536700,91.704017,0.167317,-27.433400,-28.850179,-1.416779,52055.930000,38702.830934,-13353.099066
T165 -> R159,865.477400,98.791100,98.842768,0.051668,-37.050000,-35.770630,1.279370,5690.585000,7595.309336,1904.724336
T34 -> R16,302.356600,89.656400,89.681492,0.025092,-24.279400,-26.036225,-1.756825,107511.300000,74050.275323,-33461.024677
T149 -> R157,519.477200,94.357300,94.509401,0.152101,-33.747200,-31.288194,2.459006,12172.780000,20746.814459,8574.034459
T71 -> R188,133.834800,82.577400,82.806380,0.228980,-16.933300,-18.287476,-1.354176,578783.300000,432941.278385,-145842.021615
T140 -> R153,571.422600,95.185100,95.505266,0.320166,-30.434500,-32.274471,-1.839971,26094.890000,17093.235172,-9001.654828
T93 -> R158,591.305200,95.482200,95.467013,-0.015187,-30.583100,-32.005866,-1.422766,25217.740000,18129.199501,-7088.540499
T75 -> R66,601.546900,95.631400,95.663594,0.032194,-31.775900,-32.324931,-0.549031,19163.170000,16665.940063,-2497.229937
T108 -> R113,444.322200,93.000000,93.132968,0.132968,-27.325700,-28.956019,-1.630319,53362.490000,35266.213670,-18096.276330
T140 -> R113,374.163000,91.507200,91.565869,0.058669,-25.829600,-27.554096,-1.724496,75279.250000,49520.181792,-25759.068208
T76 -> R13,605.740000,95.691700,95.754084,0.062384,-29.671400,-31.400882,-1.729482,31105.260000,20647.773173,-10457.486827
T108 -> R3,914.143600,99.266300,99.282162,0.015862,-39.821300,-34.106006,5.715294,3006.405000,11598.468909,8592.063909
T46 -> R182,215.017800,86.695500,86.489059,-0.206441,-26.271100,-21.910996,4.360104,68011.970000,181068.577615,113056.607615
T128 -> R99,653.153900,96.346300,96.400905,0.054605,-29.890300,-32.111203,-2.220903,29576.550000,18029.248269,-11547.301731
T152 -> R193,508.013100,94.163500,94.168070,0.004570,-29.048700,-29.732742,-0.684042,35897.670000,32742.776186,-3154.893814
T170 -> R166,565.967700,95.101800,95.495822,0.394022,-30.232000,-32.109462,-1.877462,27339.700000,17867.849962,-9471.850038
T124 -> R153,213.959300,86.652600,86.677742,0.025142,-21.877800,-23.237128,-1.359328,186644.600000,142509.182324,-44135.417676
T154 -> R53,225.833700,87.121800,87.573403,0.451603,-25.196700,-24.310909,0.885791,87072.420000,111813.039361,24740.619361
T144 -> R155,318.538300,90.109200,90.316664,0.207464,-26.245800,-26.814449,-0.568649,68409.010000,59509.350628,-8899.659372
T70 -> R167,375.505700,91.538300,91.662202,0.123902,-27.384300,-27.949007,-0.564707,52647.210000,44862.695119,-7784.514881
T70 -> R155,74.338100,77.470200,76.076826,-1.393374,-13.424000,-11.582577,1.841423,1282675.000000,1753658.416472,470983.416472
T149 -> R158,402.345900,92.138000,92.117740,-0.020260,-27.234400,-28.641909,-1.407509,54494.250000,38984.687133,-15509.562867
T123 -> R180,439.798600,92.911100,92.930562,0.019462,-28.575300,-28.698717,-0.123417,40029.290000,38877.958710,-1151.331290
T49 -> R143,592.287400,95.496600,95.573498,0.076898,-29.038600,-32.270230,-3.231630,35981.230000,17832.975358,-18148.254642
T71 -> R5,669.008600,96.554600,96.535676,-0.018924,-30.847000,-31.549525,-0.702525,23731.280000,20621.802613,-3109.477387
T162 -> R63,726.069600,97.265600,97.391542,0.125942,-34.531200,-33.612447,0.918753,10162.720000,12488.539973,2325.819973
T67 -> R132,359.593600,91.162200,91.122516,-0.039684,-24.436500,-26.921552,-2.485052,103697.900000,60206.076973,-43491.823027
T148 -> R142,561.741400,95.036700,95.467704,0.431004,-31.263400,-32.465939,-1.202539,21562.740000,16417.033203,-5145.706797
T61 -> R6,691.782700,96.845400,96.729685,-0.115715,-32.166900,-31.724435,0.442465,17514.020000,19683.086401,2169.066401
T152 -> R2,919.651600,99.318500,99.234936,-0.083564,-35.126900,-34.307075,0.819825,8860.308000,11203.333699,2343.025699
T75 -> R48,932.432700,99.438300,99.316330,-0.121970,-38.092900,-36.897096,1.195804,4475.952000,5795.045171,1319.093171
T67 -> R65,995.412300,100.006100,99.890591,-0.115509,-34.865200,-36.817607,-1.952407,9410.577000,5700.450498,-3710.126502
T10 -> R103,704.715000,97.006300,97.168115,0.161815,-35.621500,-32.853491,2.768009,7906.668000,14041.320258,6134.652258
T43 -> R158,409.503600,92.291200,92.550236,0.259036,-27.387900,-28.983158,-1.595258,52604.160000,37011.662433,-15592.497567
T33 -> R121,397.608700,92.035100,92.159790,0.124690,-27.040100,-27.357930,-0.317830,56986.120000,52314.033560,-4672.086440
T170 -> R185,929.838500,99.414100,99.573064,0.158964,-36.994900,-35.112910,1.881990,5763.237000,8851.713261,3088.476261
T175 -> R95,328.131100,90.366900,90.183328,-0.183572,-27.858500,-26.085810,1.772690,47205.730000,72491.593805,25285.863805
T92 -> R78,490.783800,93.863800,93.791572,-0.072228,-33.700600,-30.418641,3.281959,12304.130000,27455.795006,15151.665006
T106 -> R44,305.515800,89.746700,90.070449,0.323749,-25.908700,-26.624970,-0.716270,73922.740000,62376.262765,-11546.477235
T125 -> R117,288.094100,89.236700,89.187887,-0.048813,-23.277500,-25.307878,-2.030378,135342.100000,85148.678973,-50193.421027
T108 -> R101,370.231800,91.415500,91.419283,0.003783,-26.162100,-27.242706,-1.080606,69738.060000,54781.526888,-14956.533112
T172 -> R115,744.248500,97.480400,97.393529,-0.086871,-33.201700,-33.546657,-0.344957,13801.590000,12507.914489,-1293.675511
T34 -> R190,722.557900,97.223400,97.298087,0.074687,-29.628400,-32.583925,-2.955525,31414.030000,16080.671540,-15333.358460
T146 -> R151,568.736500,95.144200,95.489987,0.345787,-30.180500,-32.359948,-2.179448,27666.010000,16624.275679,-11041.734321
T168 -> R20,358.390000,91.133100,91.460715,0.327615,-24.305100,-27.946649,-3.641549,106877.500000,48006.287293,-58871.212707
T32 -> R119,760.306300,97.665800,97.792697,0.126897,-33.686600,-33.094867,0.591733,12343.950000,13271.523454,927.573454
T51 -> R64,414.683100,92.400300,92.624681,0.224381,-28.792300,-29.461398,-0.669098,38079.420000,32185.086317,-5894.333683
T70 -> R64,395.324600,91.985100,92.001913,0.016813,-28.376500,-28.561765,-0.185265,41902.880000,40055.117072,-1847.762928
T9 -> R55,567.957200,95.132300,95.063056,-0.069244,-33.577700,-32.704578,0.873122,12657.350000,16004.281650,3346.931650
T4 -> R29,336.059000,90.574300,90.545810,-0.028490,-30.344500,-27.422289,2.922211,26641.340000,54121.311335,27479.971335
T122 -> R79,156.380900,83.929700,84.365340,0.435640,-22.098300,-21.077607,1.020693,177435.300000,245841.376985,68406.076985
T36 -> R23,469.088400,93.471100,93.777112,0.306012,-29.464100,-30.150088,-0.685988,32624.900000,28152.777644,-4472.122356
T110 -> R57,388.414600,91.831900,91.999514,0.167614,-27.070000,-28.783282,-1.713282,56594.920000,38989.453278,-17605.466722
T61 -> R184,543.102800,94.743600,94.842512,0.098912,-29.463000,-29.944578,-0.481578,32633.490000,27258.906569,-5374.583431
T137 -> R42,724.658300,97.248700,97.534731,0.286031,-33.151100,-35.156514,-2.005414,13963.410000,9090.207239,-4873.202761
T148 -> R159,698.305800,96.926900,97.214325,0.287425,-35.185400,-33.897447,1.287953,8741.783000,12057.455321,3315.672321
T133 -> R120,842.863200,98.561100,98.540045,-0.021055,-42.509000,-34.302476,8.206524,1619.152000,11173.088264,9553.936264
T88 -> R142,591.979100,95.492100,95.517359,0.025259,-31.719100,-31.731968,-0.012868,19415.470000,19810.482193,395.012193
T88 -> R20,159.710600,84.112700,84.234038,0.121338,-17.219200,-20.516067,-3.296867,542252.000000,270365.693131,-271886.306869
T141 -> R31,611.360400,95.771900,96.086199,0.314299,-32.354600,-33.343255,-0.988655,16773.350000,13198.044207,-3575.305793
T43 -> R44,562.453000,95.047700,95.059013,0.011313,-31.217600,-32.204107,-0.986507,21791.170000,17521.317152,-4269.852848
T81 -> R177,539.468000,94.685300,94.602712,-0.082588,-30.503500,-30.340137,0.163363,25683.920000,25446.696969,-237.223031
T175 -> R150,166.923900,84.496400,84.906908,0.410508,-19.436000,-21.469174,-2.033174,326698.800000,213692.964468,-113005.835532
T144 -> R157,275.242900,88.840300,89.188941,0.348641,-28.225500,-25.696959,2.528541,43383.570000,77418.367723,34034.797723
T107 -> R7,579.537200,95.307600,95.748390,0.440790,-33.467100,-32.055075,1.412025,12983.570000,18370.925519,5387.355519
T38 -> R169,344.690900,90.794600,90.702276,-0.092324,-27.305400,-27.025500,0.279900,53612.220000,54615.159838,1002.939838
T83 -> R132,649.155300,96.293000,96.281432,-0.011568,-29.578100,-32.259856,-2.681756,31780.120000,17277.687455,-14502.432545
T160 -> R0,148.466000,83.478500,83.611582,0.133082,-18.429900,-20.258936,-1.829036,411256.300000,275309.469877,-135946.830123
T152 -> R134,863.563400,98.771900,98.718137,-0.053763,-31.477600,-34.926853,-3.449253,20525.400000,9595.251064,-10930.148936
T186 -> R129,408.634300,92.272700,92.253193,-0.019507,-31.556000,-29.073471,2.482529,20158.100000,36316.190601,16158.090601
T17 -> R82,200.499300,86.088300,86.056861,-0.031439,-22.305300,-22.753562,-0.448262,169200.800000,150315.330304,-18885.469696
T96 -> R78,233.649400,87.417300,87.760609,0.343309,-27.247800,-24.423963,2.823837,54327.270000,110818.100907,56490.830907
T163 -> R62,763.760400,97.705100,97.883570,0.178470,-32.408000,-34.050240,-1.642240,16568.220000,11571.393660,-4996.826340
T160 -> R171,161.398000,84.204000,84.645833,0.441833,-19.782800,-20.743561,-0.960761,301752.400000,245822.898152,-55929.501848
T88 -> R80,336.145000,90.576500,90.710395,0.133895,-29.040800,-26.666318,2.374482,35962.900000,63897.894489,27934.994489
T162 -> R48,745.706200,97.497400,97.829393,0.331993,-36.151500,-34.265009,1.886491,6998.482000,10840.181957,3841.699957
T25 -> R184,900.984000,99.140300,99.306081,0.165781,-33.862800,-34.780415,-0.917615,11853.240000,10005.510125,-1847.729875
T102 -> R3,931.613200,99.430700,99.481603,0.050903,-39.985800,-34.346422,5.639378,2894.705000,10916.111674,8021.406674
T170 -> R39,454.646200,93.199500,93.580537,0.381037,-29.747500,-30.327851,-0.580351,30564.710000,27030.371516,-3534.338484
T137 -> R19,531.240500,94.551800,94.741878,0.190078,-29.563100,-31.900978,-2.337878,31890.120000,18846.485984,-13043.634016
T21 -> R77,692.535300,96.854800,96.977576,0.122776,-33.837300,-33.401463,0.435837,11922.870000,12801.638512,878.768512
T118 -> R5,171.734800,84.743200,84.878632,0.135432,-18.984600,-21.069768,-2.085168,362253.800000,231906.479746,-130347.320254
T133 -> R53,202.927200,86.192800,86.801758,0.608958,-24.264600,-23.632527,0.632073,107878.400000,134615.957546,26737.557546
T165 -> R99,549.166700,94.840100,95.136633,0.296533,-28.382300,-31.370178,-2.987878,41846.820000,20372.451497,-21474.368503
T36 -> R151,423.391400,92.580800,92.936796,0.355996,-27.613800,-28.931509,-1.317709,49940.410000,37712.986422,-12227.423578
T111 -> R62,773.987200,97.820700,97.944227,0.123527,-32.523600,-35.205516,-2.681916,16133.150000,9094.125281,-7039.024719
T114 -> R171,515.550600,94.291400,94.353792,0.062392,-29.911300,-30.433509,-0.522209,29434.540000,26201.934435,-3232.605565
T15 -> R161,600.065400,95.610000,95.589483,-0.020517,-35.044800,-32.251149,2.793651,9029.316000,17405.463999,8376.147999
T111 -> R180,877.915200,98.915000,98.960245,0.045245,-34.583700,-34.839011,-0.255311,10040.490000,9667.584287,-372.905713
T83 -> R54,739.442900,97.424100,97.751751,0.327651,-35.466600,-34.993268,0.473332,8193.778000,9458.752841,1264.974841
T160 -> R22,334.592600,90.536300,90.880896,0.344596,-39.068500,-27.480885,11.587615,3575.405000,52541.320291,48965.915291
T133 -> R55,177.867300,85.047900,85.793597,0.745697,-23.475700,-22.742437,0.733263,129318.100000,167455.155036,38137.055036
T93 -> R13,105.959900,80.548800,80.589087,0.040287,-14.377500,-16.632677,-2.255177,1034308.000000,661385.502221,-372922.497779
T4 -> R173,841.304000,98.545100,98.570889,0.025789,-35.944500,-34.659516,1.284984,7340.093000,9707.454533,2367.361533
T35 -> R104,134.788900,82.639100,82.831305,0.192205,-19.259000,-19.046290,0.212710,340202.000000,379079.277177,38877.277177
T83 -> R6,186.490000,85.459100,85.592901,0.133801,-20.746800,-22.135022,-1.388222,241936.800000,177910.209092,-64026.590908
T59 -> R173,635.569400,96.109300,95.958042,-0.151258,-33.507800,-32.129161,1.378639,12862.430000,17529.174758,4666.744758
T107 -> R171,168.579300,84.582100,85.037629,0.455529,-20.164700,-21.155817,-0.991117,276470.400000,226061.338275,-50409.061725
T175 -> R63,287.553000,89.220400,89.259684,0.039284,-26.477700,-25.769726,0.707974,64854.790000,78810.866182,13956.076182
T175 -> R164,118.058900,81.488000,81.254949,-0.233051,-15.784100,-17.422344,-1.638244,751842.600000,491655.492280,-260187.107720
T34 -> R100,918.549900,99.308100,99.257648,-0.050452,-33.440200,-34.280394,-0.840194,13064.230000,10815.233139,-2248.996861
T61 -> R86,547.781900,94.818200,94.689514,-0.128686,-31.035200,-31.061968,-0.026768,22725.670000,23494.414385,768.744385
T165 -> R22,610.178300,95.755100,95.711941,-0.043159,-44.287700,-32.077183,12.210517,1075.042000,17856.765240,16781.723240
T146 -> R164,347.788500,90.872300,91.130836,0.258536,-25.268700,-27.342446,-2.073746,85643.060000,53401.316928,-32241.743072
T90 -> R95,654.097000,96.358800,96.285422,-0.073378,-33.855800,-32.344058,1.511742,11872.420000,17389.560108,5517.140108
T68 -> R18,828.664000,98.413600,98.839394,0.425794,-35.986600,-35.149607,0.836993,7269.187000,9305.388861,2036.201861
T146 -> R82,459.099500,93.284100,93.574374,0.290274,-29.521800,-29.843562,-0.321762,32194.660000,29799.414839,-2395.245161
T146 -> R153,763.818700,97.705800,97.801410,0.095610,-32.956900,-34.499114,-1.542214,14601.700000,10701.800778,-3899.899222
T32 -> R161,306.894000,89.785800,89.650899,-0.134901,-29.216800,-26.261539,2.955261,34535.620000,65209.316420,30673.696420
T9 -> R79,169.976700,84.653800,84.866399,0.212599,-22.826500,-21.668222,1.158278,150114.600000,195896.463472,45781.863472
T87 -> R91,446.031900,93.033300,92.947213,-0.086087,-28.674600,-28.917717,-0.243117,39124.230000,38194.203766,-930.026234
T28 -> R169,524.430200,94.439800,94.528109,0.088309,-30.955100,-30.758831,0.196269,23148.280000,24796.632429,1648.352429
T94 -> R147,647.467400,96.270400,96.383397,0.112997,-33.557700,-32.699125,0.858575,12715.620000,15904.091975,3188.471975
T59 -> R65,396.325400,92.007000,92.128963,0.121963,-26.858600,-28.736569,-1.877969,59414.800000,38075.464265,-21339.335735
T59 -> R2,485.293000,93.766100,94.221877,0.455777,-29.571000,-29.375151,0.195849,31831.730000,33649.826561,1818.096561
T145 -> R7,427.617300,92.667100,92.697784,0.030684,-30.825000,-28.824212,2.000788,23852.170000,38829.971170,14977.801170
T34 -> R151,511.160300,94.217100,94.491974,0.274874,-29.252400,-30.697669,-1.445269,34253.420000,25080.523495,-9172.896505
T59 -> R66,317.549300,90.082200,90.123917,0.041717,-26.219300,-26.497125,-0.277825,68826.820000,63876.498834,-4950.321166
T148 -> R153,616.280800,95.841600,96.329540,0.487940,-31.091500,-33.140567,-2.049067,22432.910000,14268.234018,-8164.675982
T186 -> R117,750.727300,97.555600,97.641655,0.086055,-31.613900,-33.784489,-2.170589,19891.550000,11473.656742,-8417.893258
T148 -> R5,621.420900,95.913700,95.978221,0.064521,-30.205600,-32.521255,-2.315655,27506.870000,15687.137473,-11819.732527
T58 -> R13,735.976700,97.383300,97.416912,0.033612,-31.364400,-33.250522,-1.886122,21067.000000,14049.613279,-7017.386721
T152 -> R57,786.497300,97.959900,98.135445,0.175545,-33.204500,-34.901463,-1.696963,13792.790000,9936.289877,-3856.500123
T28 -> R91,259.821300,88.339500,88.081445,-0.258055,-23.969300,-24.212031,-0.242731,115452.200000,105767.632207,-9684.567793
T26 -> R193,294.578400,89.430000,89.221061,-0.208939,-24.304500,-24.565129,-0.260629,106892.800000,97990.809907,-8901.990093
T106 -> R150,885.338200,98.988200,99.073198,0.084998,-33.975200,-35.106701,-1.131501,11550.390000,9163.291489,-2387.098511
T108 -> R99,197.692800,85.965800,86.098437,0.132637,-19.465500,-22.198212,-2.732712,324499.500000,169476.295210,-155023.204790
T118 -> R86,259.966600,88.344300,88.586368,0.242068,-24.549600,-24.707995,-0.158395,101038.300000,97066.050631,-3972.249369
T46 -> R64,400.216200,92.091900,92.329382,0.237482,-28.483400,-29.204227,-0.720827,40884.110000,34138.245837,-6745.864163
T163 -> R42,898.322800,99.114600,99.626531,0.511931,-35.017800,-36.389243,-1.371443,9085.659000,6726.633179,-2359.025821
T145 -> R120,744.866100,97.487600,97.339086,-0.148514,-41.435400,-33.227139,8.208261,2073.236000,14271.101535,12197.865535
T10 -> R155,287.066400,89.205600,89.141208,-0.064392,-25.339800,-25.786644,-0.446844,84254.110000,76660.604588,-7593.505412
T97 -> R77,494.995000,93.938000,93.887000,-0.051000,-30.918800,-30.545674,0.373126,23342.580000,26910.489549,3567.909549
T135 -> R136,416.507200,92.438400,92.303208,-0.135192,-31.540900,-29.255546,2.285354,20228.580000,33409.697181,13181.117181
T137 -> R116,349.986900,90.927000,90.991790,0.064790,-24.268700,-27.097416,-2.828716,107775.600000,55454.436751,-52321.163249
T74 -> R104,579.215400,95.302800,95.382242,0.079442,-31.971200,-31.290053,0.681147,18320.830000,22159.525002,3838.695002
T168 -> R193,662.232500,96.466200,96.655418,0.189218,-31.353600,-32.326106,-0.972506,21119.520000,17743.930522,-3375.589478
T15 -> R31,270.629400,88.693500,88.472967,-0.220533,-25.265800,-25.413710,-0.147910,85700.470000,84551.043969,-1149.426031
T46 -> R159,587.131100,95.420700,95.522311,0.101611,-33.678600,-32.012484,1.666116,12366.550000,18317.303060,5950.753060
T88 -> R115,644.601000,96.231800,96.223432,-0.008368,-31.952500,-31.990631,-0.038131,18400.000000,18459.501675,59.501675
T37 -> R57,587.303300,95.423200,95.413331,-0.009869,-30.666100,-32.562310,-1.896210,24740.250000,16362.113267,-8378.136733
